Gelir,Gider,Kar,Gelir Kaynagi,Gider Kaynagi
17769.04,14629.5,3139.54,Nakliye Ucretleri,Pazarlama Harcamaları
48481.89,15873.57,32608.32,Sigorta Gelirleri,Depolama Maliyetleri
44439.6,18022.08,26417.52,Kargo Teslimat Ucretleri,Arac Bakim ve Onarim
35422.97,16198.71,19224.26,Nakliye Ucretleri,Personel Giderleri
15932.77,19900.94,-3968.17,Lojistik Danismanlik,Depolama Maliyetleri
28539.71,16287.78,12251.93,Nakliye Ucretleri,Depolama Maliyetleri
23110.65,5844.28,17266.37,Kargo Teslimat Ucretleri,Depolama Maliyetleri
20967.46,19619.51,1347.95,Depolama Hizmetleri,Yakit Giderleri
40977.5,16589.71,24387.79,Kargo Teslimat Ucretleri,Pazarlama Harcamaları
40391.94,8528.47,31863.47,Depolama Hizmetleri,Depolama Maliyetleri
14863.84,13093.36,1770.48,Sigorta Gelirleri,Depolama Maliyetleri
33026.53,13413.25,19613.28,Nakliye Ucretleri,Personel Giderleri
33316.4,12891.39,20425.01,Depolama Hizmetleri,Depolama Maliyetleri
41093.39,11941.53,29151.86,Kargo Teslimat Ucretleri,Yakit Giderleri
34480.48,14804.04,19676.44,Depolama Hizmetleri,Yakit Giderleri
32371.3,16861.65,15509.65,Sigorta Gelirleri,Yakit Giderleri
30973.66,12108.61,18865.05,Depolama Hizmetleri,Depolama Maliyetleri
41876.75,13206.96,28669.79,Nakliye Ucretleri,Pazarlama Harcamaları
18377.39,14284.63,4092.76,Nakliye Ucretleri,Personel Giderleri
37339.83,9578.12,27761.71,Depolama Hizmetleri,Arac Bakim ve Onarim
33874.32,9274.48,24599.84,Depolama Hizmetleri,Depolama Maliyetleri
36401.57,9048.26,27353.31,Lojistik Danismanlik,Yakit Giderleri
47411.15,14044.67,33366.48,Depolama Hizmetleri,Arac Bakim ve Onarim
36478.02,13040.75,23437.27,Nakliye Ucretleri,Personel Giderleri
17465.99,12491.71,4974.28,Depolama Hizmetleri,Pazarlama Harcamaları
40934.43,5538.32,35396.11,Kargo Teslimat Ucretleri,Arac Bakim ve Onarim
29692.66,17226.58,12466.08,Lojistik Danismanlik,Pazarlama Harcamaları
22579.07,5335.49,17243.58,Lojistik Danismanlik,Depolama Maliyetleri
49819.85,6261.47,43558.38,Depolama Hizmetleri,Arac Bakim ve Onarim
42753.42,19472.27,23281.15,Depolama Hizmetleri,Yakit Giderleri
15892.52,11531.99,4360.53,Kargo Teslimat Ucretleri,Personel Giderleri
23563.49,7039.44,16524.05,Depolama Hizmetleri,Pazarlama Harcamaları
35360.03,7952.19,27407.84,Lojistik Danismanlik,Yakit Giderleri
45185.82,10571.29,34614.53,Nakliye Ucretleri,Yakit Giderleri
35269.38,8245.08,27024.3,Depolama Hizmetleri,Arac Bakim ve Onarim
26578.27,8762.1,17816.17,Nakliye Ucretleri,Pazarlama Harcamaları
21492.14,14611.25,6880.89,Kargo Teslimat Ucretleri,Pazarlama Harcamaları
38141.94,15496.55,22645.39,Depolama Hizmetleri,Depolama Maliyetleri
30793.54,5625.36,25168.18,Nakliye Ucretleri,Depolama Maliyetleri
34863.27,7361.28,27501.99,Nakliye Ucretleri,Arac Bakim ve Onarim
40753.26,7898.44,32854.82,Lojistik Danismanlik,Pazarlama Harcamaları
42090.3,8178.31,33911.99,Lojistik Danismanlik,Yakit Giderleri
40469.08,12889.89,27579.19,Nakliye Ucretleri,Pazarlama Harcamaları
41162.54,17824.87,23337.67,Nakliye Ucretleri,Depolama Maliyetleri
46735.95,12151.09,34584.86,Depolama Hizmetleri,Arac Bakim ve Onarim
33410.27,6586.25,26824.02,Kargo Teslimat Ucretleri,Arac Bakim ve Onarim
39180.98,7681.63,31499.35,Sigorta Gelirleri,Yakit Giderleri
17634.8,12420.76,5214.04,Lojistik Danismanlik,Personel Giderleri
17013.57,8917.31,8096.26,Nakliye Ucretleri,Personel Giderleri
28997.1,16867.18,12129.92,Depolama Hizmetleri,Pazarlama Harcamaları
37555.81,7398.76,30157.05,Sigorta Gelirleri,Depolama Maliyetleri
33599.95,8752.56,24847.39,Lojistik Danismanlik,Pazarlama Harcamaları
43895.14,16710.99,27184.15,Lojistik Danismanlik,Personel Giderleri
27250.33,9452.49,17797.84,Depolama Hizmetleri,Arac Bakim ve Onarim
33493.16,8504.1,24989.06,Sigorta Gelirleri,Pazarlama Harcamaları
41716.2,16037.69,25678.51,Nakliye Ucretleri,Personel Giderleri
47846.54,14914.21,32932.33,Kargo Teslimat Ucretleri,Pazarlama Harcamaları
29264.79,9150.33,20114.46,Nakliye Ucretleri,Yakit Giderleri
21351.95,18352.67,2999.28,Depolama Hizmetleri,Arac Bakim ve Onarim
36170.84,17303.28,18867.56,Depolama Hizmetleri,Yakit Giderleri
15218.68,5061.16,10157.52,Sigorta Gelirleri,Personel Giderleri
24910.56,5887.81,19022.75,Sigorta Gelirleri,Arac Bakim ve Onarim
31338.53,7933.43,23405.1,Lojistik Danismanlik,Arac Bakim ve Onarim
41925.9,14284.73,27641.17,Depolama Hizmetleri,Yakit Giderleri
25213.71,17314.61,7899.1,Depolama Hizmetleri,Arac Bakim ve Onarim
10410.98,7223.32,3187.66,Depolama Hizmetleri,Yakit Giderleri
44025.88,13006.17,31019.71,Lojistik Danismanlik,Pazarlama Harcamaları
37200.43,11603.91,25596.52,Kargo Teslimat Ucretleri,Pazarlama Harcamaları
24583.72,11617.49,12966.23,Lojistik Danismanlik,Arac Bakim ve Onarim
16774.46,11193.47,5580.99,Kargo Teslimat Ucretleri,Yakit Giderleri
16779.54,8970.92,7808.62,Lojistik Danismanlik,Depolama Maliyetleri
23706.56,8886.01,14820.55,Lojistik Danismanlik,Depolama Maliyetleri
20792.96,11663.22,9129.74,Kargo Teslimat Ucretleri,Personel Giderleri
28093.38,16285.0,11808.38,Nakliye Ucretleri,Depolama Maliyetleri
46269.85,17579.74,28690.11,Sigorta Gelirleri,Pazarlama Harcamaları
29530.46,14504.48,15025.98,Kargo Teslimat Ucretleri,Pazarlama Harcamaları
17294.17,10297.64,6996.53,Kargo Teslimat Ucretleri,Yakit Giderleri
19574.33,8157.31,11417.02,Depolama Hizmetleri,Pazarlama Harcamaları
28297.6,16839.63,11457.97,Kargo Teslimat Ucretleri,Yakit Giderleri
12373.04,13735.87,-1362.83,Lojistik Danismanlik,Depolama Maliyetleri
24455.74,18003.64,6452.1,Sigorta Gelirleri,Pazarlama Harcamaları
16311.13,14397.59,1913.54,Nakliye Ucretleri,Yakit Giderleri
31750.46,12091.83,19658.63,Depolama Hizmetleri,Personel Giderleri
35148.86,13171.71,21977.15,Nakliye Ucretleri,Yakit Giderleri
22629.03,6549.05,16079.98,Kargo Teslimat Ucretleri,Arac Bakim ve Onarim
47378.46,19191.32,28187.14,Lojistik Danismanlik,Pazarlama Harcamaları
17015.63,11653.62,5362.01,Kargo Teslimat Ucretleri,Yakit Giderleri
39355.77,16991.37,22364.4,Lojistik Danismanlik,Yakit Giderleri
10102.22,13819.91,-3717.69,Sigorta Gelirleri,Depolama Maliyetleri
14835.27,19145.02,-4309.75,Lojistik Danismanlik,Pazarlama Harcamaları
14903.74,15101.85,-198.11,Sigorta Gelirleri,Depolama Maliyetleri
40476.62,5119.67,35356.95,Nakliye Ucretleri,Arac Bakim ve Onarim
17903.75,16975.1,928.65,Kargo Teslimat Ucretleri,Personel Giderleri
31268.09,19421.42,11846.67,Nakliye Ucretleri,Arac Bakim ve Onarim
43195.1,12773.7,30421.4,Kargo Teslimat Ucretleri,Yakit Giderleri
43269.83,12580.94,30688.89,Nakliye Ucretleri,Pazarlama Harcamaları
42200.08,8886.09,33313.99,Lojistik Danismanlik,Arac Bakim ve Onarim
44077.92,7150.98,36926.94,Lojistik Danismanlik,Depolama Maliyetleri
49537.0,18651.67,30885.33,Nakliye Ucretleri,Arac Bakim ve Onarim
43782.97,6361.76,37421.21,Lojistik Danismanlik,Depolama Maliyetleri
47685.14,8246.39,39438.75,Kargo Teslimat Ucretleri,Arac Bakim ve Onarim
26521.92,17154.22,9367.7,Nakliye Ucretleri,Yakit Giderleri
36148.53,16880.17,19268.36,Kargo Teslimat Ucretleri,Arac Bakim ve Onarim
46228.35,7132.02,39096.33,Depolama Hizmetleri,Personel Giderleri
46730.15,16387.09,30343.06,Lojistik Danismanlik,Personel Giderleri
44485.74,15604.1,28881.64,Lojistik Danismanlik,Pazarlama Harcamaları
49464.2,15026.58,34437.62,Kargo Teslimat Ucretleri,Pazarlama Harcamaları
21671.41,10463.25,11208.16,Nakliye Ucretleri,Arac Bakim ve Onarim
15551.35,6968.24,8583.11,Nakliye Ucretleri,Personel Giderleri
37421.5,19578.65,17842.85,Lojistik Danismanlik,Personel Giderleri
44224.8,19457.57,24767.23,Kargo Teslimat Ucretleri,Arac Bakim ve Onarim
46935.26,7879.76,39055.5,Nakliye Ucretleri,Arac Bakim ve Onarim
27204.74,18969.93,8234.81,Nakliye Ucretleri,Yakit Giderleri
33660.53,5525.51,28135.02,Nakliye Ucretleri,Yakit Giderleri
19828.55,12592.27,7236.28,Depolama Hizmetleri,Personel Giderleri
11972.95,15817.37,-3844.42,Kargo Teslimat Ucretleri,Arac Bakim ve Onarim
25807.0,9131.18,16675.82,Nakliye Ucretleri,Yakit Giderleri
27846.92,17375.2,10471.72,Kargo Teslimat Ucretleri,Yakit Giderleri
47039.59,14993.95,32045.64,Depolama Hizmetleri,Personel Giderleri
38987.35,10556.14,28431.21,Lojistik Danismanlik,Yakit Giderleri
23245.74,13660.08,9585.66,Lojistik Danismanlik,Personel Giderleri
47895.1,12034.01,35861.09,Kargo Teslimat Ucretleri,Personel Giderleri
28879.41,17819.44,11059.97,Depolama Hizmetleri,Yakit Giderleri
49476.91,8905.71,40571.2,Sigorta Gelirleri,Pazarlama Harcamaları
13974.77,7553.46,6421.31,Kargo Teslimat Ucretleri,Depolama Maliyetleri
26805.24,15381.33,11423.91,Depolama Hizmetleri,Yakit Giderleri
47702.25,11985.14,35717.11,Nakliye Ucretleri,Depolama Maliyetleri
42904.96,5546.79,37358.17,Depolama Hizmetleri,Depolama Maliyetleri
44078.29,14542.18,29536.11,Depolama Hizmetleri,Pazarlama Harcamaları
35156.35,8488.76,26667.59,Sigorta Gelirleri,Depolama Maliyetleri
19649.13,11400.16,8248.97,Depolama Hizmetleri,Depolama Maliyetleri
17203.68,8791.4,8412.28,Depolama Hizmetleri,Yakit Giderleri
23571.99,16626.92,6945.07,Sigorta Gelirleri,Pazarlama Harcamaları
21030.52,17889.17,3141.35,Kargo Teslimat Ucretleri,Depolama Maliyetleri
18819.26,8564.08,10255.18,Nakliye Ucretleri,Personel Giderleri
48709.62,14090.63,34618.99,Lojistik Danismanlik,Personel Giderleri
13715.82,14424.31,-708.49,Lojistik Danismanlik,Arac Bakim ve Onarim
13871.46,18580.93,-4709.47,Nakliye Ucretleri,Yakit Giderleri
13377.95,16733.18,-3355.23,Nakliye Ucretleri,Arac Bakim ve Onarim
16763.4,14049.62,2713.78,Sigorta Gelirleri,Depolama Maliyetleri
48371.46,17152.3,31219.16,Sigorta Gelirleri,Pazarlama Harcamaları
32209.6,14399.41,17810.19,Lojistik Danismanlik,Arac Bakim ve Onarim
41753.45,14072.51,27680.94,Nakliye Ucretleri,Personel Giderleri
31581.29,9396.67,22184.62,Sigorta Gelirleri,Pazarlama Harcamaları
28346.94,16406.36,11940.58,Lojistik Danismanlik,Yakit Giderleri
12643.68,15663.16,-3019.48,Sigorta Gelirleri,Arac Bakim ve Onarim
38073.64,5639.89,32433.75,Sigorta Gelirleri,Depolama Maliyetleri
12711.26,18026.4,-5315.14,Kargo Teslimat Ucretleri,Personel Giderleri
46322.5,8104.89,38217.61,Sigorta Gelirleri,Yakit Giderleri
27267.31,5708.76,21558.55,Kargo Teslimat Ucretleri,Yakit Giderleri
41814.13,12148.89,29665.24,Kargo Teslimat Ucretleri,Yakit Giderleri
39030.14,11080.33,27949.81,Nakliye Ucretleri,Yakit Giderleri
27294.48,14038.5,13255.98,Lojistik Danismanlik,Yakit Giderleri
32962.67,12559.2,20403.47,Sigorta Gelirleri,Personel Giderleri
35480.85,12072.28,23408.57,Depolama Hizmetleri,Pazarlama Harcamaları
43741.73,15976.22,27765.51,Kargo Teslimat Ucretleri,Arac Bakim ve Onarim
16278.44,13615.15,2663.29,Nakliye Ucretleri,Pazarlama Harcamaları
20295.51,13771.85,6523.66,Kargo Teslimat Ucretleri,Pazarlama Harcamaları
24448.2,9873.59,14574.61,Lojistik Danismanlik,Pazarlama Harcamaları
10959.47,8498.82,2460.65,Kargo Teslimat Ucretleri,Personel Giderleri
34678.79,7621.9,27056.89,Depolama Hizmetleri,Yakit Giderleri
14633.09,16294.1,-1661.01,Nakliye Ucretleri,Personel Giderleri
47355.97,7891.4,39464.57,Sigorta Gelirleri,Depolama Maliyetleri
45738.59,13881.82,31856.77,Nakliye Ucretleri,Personel Giderleri
12897.94,19916.7,-7018.76,Lojistik Danismanlik,Personel Giderleri
31795.71,6004.13,25791.58,Kargo Teslimat Ucretleri,Pazarlama Harcamaları
18462.69,9375.53,9087.16,Depolama Hizmetleri,Yakit Giderleri
32402.93,19169.64,13233.29,Lojistik Danismanlik,Depolama Maliyetleri
14248.56,17562.12,-3313.56,Lojistik Danismanlik,Arac Bakim ve Onarim
35516.32,11869.72,23646.6,Kargo Teslimat Ucretleri,Personel Giderleri
35776.19,18431.15,17345.04,Lojistik Danismanlik,Yakit Giderleri
11688.34,14676.81,-2988.47,Lojistik Danismanlik,Pazarlama Harcamaları
13378.18,7060.0,6318.18,Lojistik Danismanlik,Yakit Giderleri
19351.7,16167.03,3184.67,Kargo Teslimat Ucretleri,Personel Giderleri
26098.96,13411.91,12687.05,Depolama Hizmetleri,Depolama Maliyetleri
17300.56,5354.96,11945.6,Lojistik Danismanlik,Pazarlama Harcamaları
19176.2,12989.06,6187.14,Kargo Teslimat Ucretleri,Yakit Giderleri
19821.79,18466.43,1355.36,Lojistik Danismanlik,Arac Bakim ve Onarim
37195.4,15565.0,21630.4,Depolama Hizmetleri,Arac Bakim ve Onarim
37141.35,11729.53,25411.82,Lojistik Danismanlik,Yakit Giderleri
14378.83,5311.97,9066.86,Depolama Hizmetleri,Pazarlama Harcamaları
38063.43,6679.99,31383.44,Sigorta Gelirleri,Personel Giderleri
27674.56,14954.72,12719.84,Sigorta Gelirleri,Arac Bakim ve Onarim
40837.52,13190.52,27647.0,Lojistik Danismanlik,Pazarlama Harcamaları
20721.76,11769.67,8952.09,Depolama Hizmetleri,Yakit Giderleri
42373.36,6833.23,35540.13,Nakliye Ucretleri,Personel Giderleri
39293.78,12387.72,26906.06,Sigorta Gelirleri,Pazarlama Harcamaları
21433.85,13259.87,8173.98,Nakliye Ucretleri,Depolama Maliyetleri
30828.08,17613.07,13215.01,Sigorta Gelirleri,Personel Giderleri
25095.96,12404.05,12691.91,Sigorta Gelirleri,Arac Bakim ve Onarim
19530.7,6361.65,13169.05,Kargo Teslimat Ucretleri,Depolama Maliyetleri
37472.41,16874.2,20598.21,Depolama Hizmetleri,Pazarlama Harcamaları
37012.43,6591.28,30421.15,Kargo Teslimat Ucretleri,Yakit Giderleri
21199.4,19669.79,1529.61,Sigorta Gelirleri,Arac Bakim ve Onarim
19057.34,10181.14,8876.2,Kargo Teslimat Ucretleri,Depolama Maliyetleri
47634.18,18942.31,28691.87,Sigorta Gelirleri,Personel Giderleri
29638.18,11116.98,18521.2,Kargo Teslimat Ucretleri,Yakit Giderleri
49462.48,19063.18,30399.3,Sigorta Gelirleri,Personel Giderleri
28414.29,12396.12,16018.17,Kargo Teslimat Ucretleri,Arac Bakim ve Onarim
48403.85,18416.37,29987.48,Sigorta Gelirleri,Arac Bakim ve Onarim
25833.94,13565.7,12268.24,Kargo Teslimat Ucretleri,Pazarlama Harcamaları
45732.51,5835.88,39896.63,Sigorta Gelirleri,Yakit Giderleri
21073.65,11812.66,9260.99,Kargo Teslimat Ucretleri,Pazarlama Harcamaları
29659.66,7839.48,21820.18,Kargo Teslimat Ucretleri,Pazarlama Harcamaları
27236.36,7968.14,19268.22,Nakliye Ucretleri,Yakit Giderleri
30721.67,16567.91,14153.76,Nakliye Ucretleri,Pazarlama Harcamaları
44675.59,7611.14,37064.45,Nakliye Ucretleri,Yakit Giderleri
12598.49,13870.41,-1271.92,Lojistik Danismanlik,Yakit Giderleri
47306.89,9677.29,37629.6,Nakliye Ucretleri,Pazarlama Harcamaları
12058.11,7189.83,4868.28,Depolama Hizmetleri,Depolama Maliyetleri
46899.47,11739.28,35160.19,Lojistik Danismanlik,Yakit Giderleri
24807.22,18650.52,6156.7,Kargo Teslimat Ucretleri,Arac Bakim ve Onarim
47541.73,5915.47,41626.26,Nakliye Ucretleri,Arac Bakim ve Onarim
20840.47,13718.35,7122.12,Kargo Teslimat Ucretleri,Arac Bakim ve Onarim
30888.72,11522.6,19366.12,Depolama Hizmetleri,Yakit Giderleri
35470.38,11879.07,23591.31,Nakliye Ucretleri,Personel Giderleri
12692.56,16548.79,-3856.23,Lojistik Danismanlik,Yakit Giderleri
43033.86,17731.7,25302.16,Nakliye Ucretleri,Yakit Giderleri
15892.49,17790.5,-1898.01,Lojistik Danismanlik,Yakit Giderleri
45595.04,5819.2,39775.84,Depolama Hizmetleri,Depolama Maliyetleri
32478.94,19631.47,12847.47,Sigorta Gelirleri,Arac Bakim ve Onarim
45037.52,16744.39,28293.13,Sigorta Gelirleri,Arac Bakim ve Onarim
19737.27,12973.83,6763.44,Sigorta Gelirleri,Pazarlama Harcamaları
11584.28,13907.63,-2323.35,Nakliye Ucretleri,Arac Bakim ve Onarim
18806.07,15417.54,3388.53,Depolama Hizmetleri,Pazarlama Harcamaları
16976.42,5689.99,11286.43,Nakliye Ucretleri,Depolama Maliyetleri
13459.01,12559.06,899.95,Depolama Hizmetleri,Yakit Giderleri
36677.93,11108.62,25569.31,Lojistik Danismanlik,Yakit Giderleri
32434.69,16787.3,15647.39,Nakliye Ucretleri,Depolama Maliyetleri
31889.99,17120.01,14769.98,Sigorta Gelirleri,Yakit Giderleri
27092.89,8895.23,18197.66,Sigorta Gelirleri,Pazarlama Harcamaları
39709.01,14848.71,24860.3,Depolama Hizmetleri,Yakit Giderleri
39050.25,18864.0,20186.25,Kargo Teslimat Ucretleri,Arac Bakim ve Onarim
15472.01,9525.92,5946.09,Kargo Teslimat Ucretleri,Depolama Maliyetleri
40223.29,17849.7,22373.59,Sigorta Gelirleri,Arac Bakim ve Onarim
40214.63,13338.19,26876.44,Lojistik Danismanlik,Arac Bakim ve Onarim
48470.82,17143.21,31327.61,Sigorta Gelirleri,Pazarlama Harcamaları
35312.74,18927.54,16385.2,Depolama Hizmetleri,Arac Bakim ve Onarim
25978.18,15968.74,10009.44,Lojistik Danismanlik,Yakit Giderleri
45761.83,15989.14,29772.69,Depolama Hizmetleri,Personel Giderleri
41705.18,14018.15,27687.03,Sigorta Gelirleri,Depolama Maliyetleri
41784.99,7379.77,34405.22,Depolama Hizmetleri,Pazarlama Harcamaları
46690.69,6898.23,39792.46,Kargo Teslimat Ucretleri,Depolama Maliyetleri
19793.73,14227.91,5565.82,Sigorta Gelirleri,Personel Giderleri
34034.34,6863.93,27170.41,Nakliye Ucretleri,Arac Bakim ve Onarim
32037.56,15823.16,16214.4,Lojistik Danismanlik,Depolama Maliyetleri
16827.75,11687.4,5140.35,Kargo Teslimat Ucretleri,Depolama Maliyetleri
21689.87,14853.74,6836.13,Depolama Hizmetleri,Yakit Giderleri
11696.27,17798.61,-6102.34,Nakliye Ucretleri,Depolama Maliyetleri
23200.0,18695.26,4504.74,Kargo Teslimat Ucretleri,Pazarlama Harcamaları
25324.62,13442.0,11882.62,Depolama Hizmetleri,Yakit Giderleri
40125.79,6287.24,33838.55,Lojistik Danismanlik,Pazarlama Harcamaları
49359.23,13087.44,36271.79,Sigorta Gelirleri,Personel Giderleri
39200.3,19081.38,20118.92,Sigorta Gelirleri,Arac Bakim ve Onarim
14359.97,19907.27,-5547.3,Nakliye Ucretleri,Arac Bakim ve Onarim
24892.1,7019.22,17872.88,Nakliye Ucretleri,Depolama Maliyetleri
22109.23,16381.43,5727.8,Lojistik Danismanlik,Personel Giderleri
31309.44,8153.16,23156.28,Sigorta Gelirleri,Yakit Giderleri
22959.86,9673.89,13285.97,Depolama Hizmetleri,Arac Bakim ve Onarim
37184.92,19835.79,17349.13,Sigorta Gelirleri,Personel Giderleri
26347.93,6562.45,19785.48,Sigorta Gelirleri,Arac Bakim ve Onarim
24011.58,12613.68,11397.9,Depolama Hizmetleri,Arac Bakim ve Onarim
36337.92,13870.1,22467.82,Lojistik Danismanlik,Pazarlama Harcamaları
18180.43,10503.92,7676.51,Lojistik Danismanlik,Personel Giderleri
33530.14,17514.51,16015.63,Kargo Teslimat Ucretleri,Arac Bakim ve Onarim
41923.69,8031.54,33892.15,Nakliye Ucretleri,Yakit Giderleri
11534.74,16181.05,-4646.31,Depolama Hizmetleri,Depolama Maliyetleri
46353.49,5855.57,40497.92,Depolama Hizmetleri,Yakit Giderleri
35466.55,7493.61,27972.94,Sigorta Gelirleri,Personel Giderleri
44070.81,11617.29,32453.52,Kargo Teslimat Ucretleri,Personel Giderleri
27396.74,6471.86,20924.88,Sigorta Gelirleri,Pazarlama Harcamaları
23589.03,13186.48,10402.55,Sigorta Gelirleri,Arac Bakim ve Onarim
41884.76,15558.95,26325.81,Lojistik Danismanlik,Pazarlama Harcamaları
34981.64,7068.25,27913.39,Depolama Hizmetleri,Arac Bakim ve Onarim
12191.62,17560.79,-5369.17,Nakliye Ucretleri,Personel Giderleri
47778.3,7675.6,40102.7,Depolama Hizmetleri,Pazarlama Harcamaları
10198.86,19892.35,-9693.49,Sigorta Gelirleri,Depolama Maliyetleri
20138.17,5740.85,14397.32,Lojistik Danismanlik,Pazarlama Harcamaları
24592.6,6061.7,18530.9,Depolama Hizmetleri,Pazarlama Harcamaları
29205.13,8145.35,21059.78,Sigorta Gelirleri,Personel Giderleri
47080.92,17038.92,30042.0,Lojistik Danismanlik,Arac Bakim ve Onarim
21422.13,16138.75,5283.38,Lojistik Danismanlik,Personel Giderleri
26359.33,15571.66,10787.67,Kargo Teslimat Ucretleri,Depolama Maliyetleri
36833.06,8818.23,28014.83,Nakliye Ucretleri,Yakit Giderleri
20008.96,19833.39,175.57,Lojistik Danismanlik,Pazarlama Harcamaları
36437.71,16039.17,20398.54,Depolama Hizmetleri,Personel Giderleri
14017.27,18559.38,-4542.11,Kargo Teslimat Ucretleri,Personel Giderleri
38382.92,14697.46,23685.46,Depolama Hizmetleri,Personel Giderleri
48167.5,8550.92,39616.58,Lojistik Danismanlik,Depolama Maliyetleri
39503.5,17658.05,21845.45,Sigorta Gelirleri,Arac Bakim ve Onarim
44289.9,15211.41,29078.49,Sigorta Gelirleri,Personel Giderleri
24995.14,12531.5,12463.64,Lojistik Danismanlik,Depolama Maliyetleri
34066.24,5046.19,29020.05,Depolama Hizmetleri,Depolama Maliyetleri
43456.22,13628.48,29827.74,Lojistik Danismanlik,Personel Giderleri
26060.95,12940.43,13120.52,Depolama Hizmetleri,Arac Bakim ve Onarim
42179.03,13069.46,29109.57,Depolama Hizmetleri,Pazarlama Harcamaları
41253.54,9264.94,31988.6,Sigorta Gelirleri,Personel Giderleri
30435.66,9768.67,20666.99,Depolama Hizmetleri,Yakit Giderleri
24479.98,8670.24,15809.74,Sigorta Gelirleri,Yakit Giderleri
23073.41,6845.99,16227.42,Nakliye Ucretleri,Arac Bakim ve Onarim
13103.19,8758.57,4344.62,Nakliye Ucretleri,Pazarlama Harcamaları
33616.3,7872.11,25744.19,Kargo Teslimat Ucretleri,Pazarlama Harcamaları
33673.09,6435.43,27237.66,Kargo Teslimat Ucretleri,Personel Giderleri
36092.85,10672.26,25420.59,Depolama Hizmetleri,Pazarlama Harcamaları
16711.65,18633.24,-1921.59,Sigorta Gelirleri,Arac Bakim ve Onarim
29110.61,18623.3,10487.31,Kargo Teslimat Ucretleri,Personel Giderleri
19142.13,14395.24,4746.89,Sigorta Gelirleri,Yakit Giderleri
25972.97,9190.69,16782.28,Nakliye Ucretleri,Depolama Maliyetleri
21686.74,9075.12,12611.62,Nakliye Ucretleri,Yakit Giderleri
18357.62,6355.01,12002.61,Kargo Teslimat Ucretleri,Personel Giderleri
41981.03,5799.65,36181.38,Lojistik Danismanlik,Personel Giderleri
15451.91,11871.62,3580.29,Lojistik Danismanlik,Yakit Giderleri
42682.86,14180.63,28502.23,Sigorta Gelirleri,Pazarlama Harcamaları
11281.15,16879.57,-5598.42,Lojistik Danismanlik,Pazarlama Harcamaları
19385.0,10179.0,9206.0,Depolama Hizmetleri,Arac Bakim ve Onarim
15053.33,11050.52,4002.81,Nakliye Ucretleri,Personel Giderleri
31355.82,6741.2,24614.62,Lojistik Danismanlik,Arac Bakim ve Onarim
24902.31,12254.05,12648.26,Sigorta Gelirleri,Pazarlama Harcamaları
33041.13,6155.76,26885.37,Nakliye Ucretleri,Pazarlama Harcamaları
44382.61,19122.68,25259.93,Depolama Hizmetleri,Pazarlama Harcamaları
37998.27,18962.48,19035.79,Depolama Hizmetleri,Arac Bakim ve Onarim
38443.6,17792.48,20651.12,Nakliye Ucretleri,Pazarlama Harcamaları
22285.26,8078.87,14206.39,Nakliye Ucretleri,Depolama Maliyetleri
28758.37,7275.36,21483.01,Lojistik Danismanlik,Arac Bakim ve Onarim
19394.96,13232.43,6162.53,Nakliye Ucretleri,Personel Giderleri
10267.27,18749.43,-8482.16,Sigorta Gelirleri,Personel Giderleri
41556.53,6996.62,34559.91,Sigorta Gelirleri,Arac Bakim ve Onarim
19605.51,10146.54,9458.97,Sigorta Gelirleri,Personel Giderleri
27176.44,16289.26,10887.18,Lojistik Danismanlik,Yakit Giderleri
11185.3,19181.85,-7996.55,Lojistik Danismanlik,Arac Bakim ve Onarim
18359.08,15963.13,2395.95,Nakliye Ucretleri,Personel Giderleri
12080.79,16613.01,-4532.22,Depolama Hizmetleri,Personel Giderleri
47324.87,8147.97,39176.9,Depolama Hizmetleri,Arac Bakim ve Onarim
31650.11,14646.96,17003.15,Sigorta Gelirleri,Pazarlama Harcamaları
29648.26,12319.72,17328.54,Depolama Hizmetleri,Pazarlama Harcamaları
44607.36,13953.06,30654.3,Sigorta Gelirleri,Personel Giderleri
17211.69,9979.62,7232.07,Sigorta Gelirleri,Personel Giderleri
47441.5,15369.25,32072.25,Sigorta Gelirleri,Pazarlama Harcamaları
47344.73,14279.11,33065.62,Nakliye Ucretleri,Personel Giderleri
10713.22,19175.02,-8461.8,Sigorta Gelirleri,Arac Bakim ve Onarim
36265.09,11460.84,24804.25,Nakliye Ucretleri,Arac Bakim ve Onarim
11541.73,15319.69,-3777.96,Depolama Hizmetleri,Arac Bakim ve Onarim
30419.41,17722.43,12696.98,Kargo Teslimat Ucretleri,Personel Giderleri
26011.7,7427.09,18584.61,Lojistik Danismanlik,Arac Bakim ve Onarim
35089.22,13199.22,21890.0,Nakliye Ucretleri,Depolama Maliyetleri
12336.11,17908.9,-5572.79,Lojistik Danismanlik,Personel Giderleri
41245.93,15987.6,25258.33,Depolama Hizmetleri,Yakit Giderleri
40653.38,7624.63,33028.75,Sigorta Gelirleri,Depolama Maliyetleri
29613.87,18364.73,11249.14,Depolama Hizmetleri,Yakit Giderleri
39448.95,5443.62,34005.33,Kargo Teslimat Ucretleri,Arac Bakim ve Onarim
18322.9,19873.48,-1550.58,Depolama Hizmetleri,Pazarlama Harcamaları
15517.02,17140.29,-1623.27,Sigorta Gelirleri,Arac Bakim ve Onarim
43095.21,11102.84,31992.37,Nakliye Ucretleri,Depolama Maliyetleri
49420.96,10034.52,39386.44,Nakliye Ucretleri,Pazarlama Harcamaları
30794.89,17358.37,13436.52,Sigorta Gelirleri,Yakit Giderleri
29032.36,13721.18,15311.18,Nakliye Ucretleri,Yakit Giderleri
40423.71,6463.4,33960.31,Kargo Teslimat Ucretleri,Depolama Maliyetleri
10880.58,14509.2,-3628.62,Depolama Hizmetleri,Depolama Maliyetleri
43215.81,9799.34,33416.47,Nakliye Ucretleri,Pazarlama Harcamaları
32356.81,17837.35,14519.46,Depolama Hizmetleri,Depolama Maliyetleri
13979.12,12038.28,1940.84,Kargo Teslimat Ucretleri,Pazarlama Harcamaları
43620.39,13274.19,30346.2,Lojistik Danismanlik,Personel Giderleri
20857.24,16596.05,4261.19,Depolama Hizmetleri,Personel Giderleri
38509.69,15757.25,22752.44,Depolama Hizmetleri,Pazarlama Harcamaları
21329.61,10334.31,10995.3,Nakliye Ucretleri,Pazarlama Harcamaları
18255.98,16506.85,1749.13,Nakliye Ucretleri,Yakit Giderleri
47396.32,8228.22,39168.1,Depolama Hizmetleri,Arac Bakim ve Onarim
30252.79,15933.23,14319.56,Sigorta Gelirleri,Depolama Maliyetleri
37200.78,13339.19,23861.59,Sigorta Gelirleri,Pazarlama Harcamaları
42840.33,17651.78,25188.55,Nakliye Ucretleri,Personel Giderleri
49778.48,15206.38,34572.1,Lojistik Danismanlik,Pazarlama Harcamaları
19869.34,8037.28,11832.06,Sigorta Gelirleri,Yakit Giderleri
21022.25,18964.47,2057.78,Nakliye Ucretleri,Arac Bakim ve Onarim
12008.03,17228.85,-5220.82,Lojistik Danismanlik,Personel Giderleri
11012.75,6289.14,4723.61,Depolama Hizmetleri,Arac Bakim ve Onarim
42663.88,14532.18,28131.7,Nakliye Ucretleri,Yakit Giderleri
19544.76,10814.13,8730.63,Lojistik Danismanlik,Depolama Maliyetleri
28517.28,9884.82,18632.46,Depolama Hizmetleri,Yakit Giderleri
42140.64,6349.28,35791.36,Sigorta Gelirleri,Depolama Maliyetleri
27066.52,9915.3,17151.22,Lojistik Danismanlik,Yakit Giderleri
28575.05,13111.42,15463.63,Nakliye Ucretleri,Yakit Giderleri
37141.95,16398.2,20743.75,Sigorta Gelirleri,Depolama Maliyetleri
26793.59,5651.47,21142.12,Sigorta Gelirleri,Pazarlama Harcamaları
47713.22,18519.9,29193.32,Lojistik Danismanlik,Depolama Maliyetleri
21756.74,5944.29,15812.45,Nakliye Ucretleri,Personel Giderleri
40947.09,8470.4,32476.69,Depolama Hizmetleri,Depolama Maliyetleri
33771.7,16498.31,17273.39,Nakliye Ucretleri,Arac Bakim ve Onarim
35362.88,15187.26,20175.62,Sigorta Gelirleri,Pazarlama Harcamaları
35500.14,15157.5,20342.64,Nakliye Ucretleri,Personel Giderleri
44459.09,14988.7,29470.39,Depolama Hizmetleri,Yakit Giderleri
43120.18,12770.14,30350.04,Sigorta Gelirleri,Yakit Giderleri
39824.63,8892.29,30932.34,Kargo Teslimat Ucretleri,Arac Bakim ve Onarim
33323.06,18328.31,14994.75,Lojistik Danismanlik,Personel Giderleri
25869.53,6039.46,19830.07,Depolama Hizmetleri,Depolama Maliyetleri
46861.59,14658.13,32203.46,Kargo Teslimat Ucretleri,Yakit Giderleri
32494.57,14641.81,17852.76,Sigorta Gelirleri,Arac Bakim ve Onarim
34100.84,14740.59,19360.25,Depolama Hizmetleri,Personel Giderleri
26330.33,9809.62,16520.71,Nakliye Ucretleri,Pazarlama Harcamaları
33940.79,8605.63,25335.16,Nakliye Ucretleri,Arac Bakim ve Onarim
27393.87,8663.19,18730.68,Nakliye Ucretleri,Yakit Giderleri
32834.96,11800.2,21034.76,Sigorta Gelirleri,Yakit Giderleri
27473.21,8885.51,18587.7,Depolama Hizmetleri,Pazarlama Harcamaları
25220.1,19568.31,5651.79,Depolama Hizmetleri,Arac Bakim ve Onarim
11925.29,12415.91,-490.62,Sigorta Gelirleri,Yakit Giderleri
14160.34,17414.23,-3253.89,Nakliye Ucretleri,Yakit Giderleri
24899.56,11761.18,13138.38,Sigorta Gelirleri,Personel Giderleri
29525.86,14229.22,15296.64,Sigorta Gelirleri,Pazarlama Harcamaları
23947.5,11444.97,12502.53,Sigorta Gelirleri,Yakit Giderleri
49831.56,19886.21,29945.35,Sigorta Gelirleri,Yakit Giderleri
10061.34,9049.87,1011.47,Lojistik Danismanlik,Personel Giderleri
31360.11,13360.18,17999.93,Sigorta Gelirleri,Yakit Giderleri
46363.25,12210.64,34152.61,Nakliye Ucretleri,Arac Bakim ve Onarim
45868.57,10923.77,34944.8,Sigorta Gelirleri,Depolama Maliyetleri
38718.35,17917.69,20800.66,Sigorta Gelirleri,Pazarlama Harcamaları
22919.52,13605.11,9314.41,Depolama Hizmetleri,Yakit Giderleri
13858.51,7829.19,6029.32,Depolama Hizmetleri,Yakit Giderleri
38849.48,11983.85,26865.63,Kargo Teslimat Ucretleri,Yakit Giderleri
43654.97,13616.74,30038.23,Lojistik Danismanlik,Yakit Giderleri
43079.69,10571.88,32507.81,Kargo Teslimat Ucretleri,Arac Bakim ve Onarim
44311.36,18701.28,25610.08,Lojistik Danismanlik,Yakit Giderleri
16524.96,12407.44,4117.52,Nakliye Ucretleri,Arac Bakim ve Onarim
21279.03,13743.44,7535.59,Kargo Teslimat Ucretleri,Pazarlama Harcamaları
35473.3,5981.89,29491.41,Lojistik Danismanlik,Personel Giderleri
41031.97,11754.96,29277.01,Lojistik Danismanlik,Pazarlama Harcamaları
36657.25,15153.55,21503.7,Kargo Teslimat Ucretleri,Pazarlama Harcamaları
35039.71,18782.11,16257.6,Kargo Teslimat Ucretleri,Yakit Giderleri
17689.58,10395.57,7294.01,Kargo Teslimat Ucretleri,Arac Bakim ve Onarim
46656.35,11412.49,35243.86,Sigorta Gelirleri,Arac Bakim ve Onarim
32614.46,19737.07,12877.39,Nakliye Ucretleri,Depolama Maliyetleri
42830.85,5183.42,37647.43,Lojistik Danismanlik,Personel Giderleri
32286.43,14442.01,17844.42,Lojistik Danismanlik,Arac Bakim ve Onarim
39725.18,16701.53,23023.65,Depolama Hizmetleri,Pazarlama Harcamaları
32887.13,12602.11,20285.02,Depolama Hizmetleri,Arac Bakim ve Onarim
19172.03,16546.16,2625.87,Depolama Hizmetleri,Pazarlama Harcamaları
20147.66,12324.41,7823.25,Nakliye Ucretleri,Yakit Giderleri
30188.16,13915.16,16273.0,Nakliye Ucretleri,Yakit Giderleri
47369.78,7050.03,40319.75,Depolama Hizmetleri,Yakit Giderleri
34831.13,12182.93,22648.2,Kargo Teslimat Ucretleri,Yakit Giderleri
45622.5,13244.49,32378.01,Sigorta Gelirleri,Personel Giderleri
36381.19,13801.23,22579.96,Nakliye Ucretleri,Pazarlama Harcamaları
36575.11,10290.67,26284.44,Lojistik Danismanlik,Pazarlama Harcamaları
30165.16,19915.86,10249.3,Kargo Teslimat Ucretleri,Personel Giderleri
43238.55,7877.2,35361.35,Depolama Hizmetleri,Yakit Giderleri
17713.64,7885.04,9828.6,Nakliye Ucretleri,Personel Giderleri
14525.9,14004.74,521.16,Lojistik Danismanlik,Arac Bakim ve Onarim
36857.94,12503.5,24354.44,Sigorta Gelirleri,Yakit Giderleri
43074.87,18450.4,24624.47,Depolama Hizmetleri,Yakit Giderleri
27383.86,18373.0,9010.86,Depolama Hizmetleri,Personel Giderleri
42221.26,11656.87,30564.39,Depolama Hizmetleri,Pazarlama Harcamaları
21565.63,11913.09,9652.54,Nakliye Ucretleri,Arac Bakim ve Onarim
41509.6,17863.37,23646.23,Lojistik Danismanlik,Arac Bakim ve Onarim
19410.58,18717.1,693.48,Nakliye Ucretleri,Pazarlama Harcamaları
47579.44,17312.98,30266.46,Lojistik Danismanlik,Arac Bakim ve Onarim
45644.42,9710.18,35934.24,Lojistik Danismanlik,Yakit Giderleri
41924.71,12199.6,29725.11,Sigorta Gelirleri,Pazarlama Harcamaları
26792.98,12052.76,14740.22,Sigorta Gelirleri,Depolama Maliyetleri
36586.81,15519.71,21067.1,Lojistik Danismanlik,Yakit Giderleri
35780.97,5169.89,30611.08,Kargo Teslimat Ucretleri,Yakit Giderleri
26828.25,6893.01,19935.24,Sigorta Gelirleri,Yakit Giderleri
27879.6,13207.88,14671.72,Depolama Hizmetleri,Depolama Maliyetleri
35104.22,13916.96,21187.26,Sigorta Gelirleri,Personel Giderleri
20435.52,12508.96,7926.56,Sigorta Gelirleri,Depolama Maliyetleri
40370.88,13382.29,26988.59,Sigorta Gelirleri,Pazarlama Harcamaları
10029.61,18948.9,-8919.29,Lojistik Danismanlik,Personel Giderleri
35182.2,6867.31,28314.89,Nakliye Ucretleri,Pazarlama Harcamaları
16365.89,5987.94,10377.95,Lojistik Danismanlik,Yakit Giderleri
29069.97,11385.81,17684.16,Sigorta Gelirleri,Arac Bakim ve Onarim
23745.03,9313.94,14431.09,Depolama Hizmetleri,Yakit Giderleri
36524.7,15019.71,21504.99,Depolama Hizmetleri,Arac Bakim ve Onarim
30827.04,9880.21,20946.83,Sigorta Gelirleri,Arac Bakim ve Onarim
15998.27,7276.0,8722.27,Depolama Hizmetleri,Yakit Giderleri
49736.59,6893.34,42843.25,Depolama Hizmetleri,Pazarlama Harcamaları
46503.25,11993.68,34509.57,Sigorta Gelirleri,Pazarlama Harcamaları
10428.34,7136.61,3291.73,Lojistik Danismanlik,Depolama Maliyetleri
29523.37,15991.64,13531.73,Sigorta Gelirleri,Arac Bakim ve Onarim
40974.37,8601.2,32373.17,Nakliye Ucretleri,Depolama Maliyetleri
20278.96,16113.48,4165.48,Sigorta Gelirleri,Personel Giderleri
26385.07,18247.99,8137.08,Sigorta Gelirleri,Pazarlama Harcamaları
25789.0,16092.04,9696.96,Lojistik Danismanlik,Yakit Giderleri
43255.0,18693.99,24561.01,Nakliye Ucretleri,Pazarlama Harcamaları
11662.3,7156.75,4505.55,Kargo Teslimat Ucretleri,Depolama Maliyetleri
15751.22,19158.42,-3407.2,Nakliye Ucretleri,Pazarlama Harcamaları
22407.76,6847.45,15560.31,Sigorta Gelirleri,Yakit Giderleri
34104.63,16521.86,17582.77,Nakliye Ucretleri,Arac Bakim ve Onarim
26348.66,10817.28,15531.38,Kargo Teslimat Ucretleri,Pazarlama Harcamaları
28470.74,15150.23,13320.51,Depolama Hizmetleri,Personel Giderleri
10285.83,11794.9,-1509.07,Sigorta Gelirleri,Personel Giderleri
23808.17,16987.06,6821.11,Kargo Teslimat Ucretleri,Yakit Giderleri
32309.35,12000.89,20308.46,Kargo Teslimat Ucretleri,Pazarlama Harcamaları
33064.86,9116.34,23948.52,Sigorta Gelirleri,Personel Giderleri
24443.25,8810.1,15633.15,Sigorta Gelirleri,Personel Giderleri
31560.51,8591.19,22969.32,Nakliye Ucretleri,Yakit Giderleri
25198.9,7846.97,17351.93,Kargo Teslimat Ucretleri,Personel Giderleri
22203.79,6458.39,15745.4,Sigorta Gelirleri,Arac Bakim ve Onarim
46669.55,5033.92,41635.63,Lojistik Danismanlik,Arac Bakim ve Onarim
32610.49,11089.96,21520.53,Lojistik Danismanlik,Arac Bakim ve Onarim
24809.52,18766.96,6042.56,Kargo Teslimat Ucretleri,Yakit Giderleri
28119.93,15131.48,12988.45,Depolama Hizmetleri,Personel Giderleri
26444.15,7944.36,18499.79,Lojistik Danismanlik,Pazarlama Harcamaları
48686.34,11944.41,36741.93,Depolama Hizmetleri,Personel Giderleri
35792.41,10577.12,25215.29,Kargo Teslimat Ucretleri,Arac Bakim ve Onarim
45697.61,15766.56,29931.05,Nakliye Ucretleri,Personel Giderleri
11459.22,17192.8,-5733.58,Nakliye Ucretleri,Yakit Giderleri
40446.93,15813.93,24633.0,Lojistik Danismanlik,Pazarlama Harcamaları
32947.6,9349.39,23598.21,Kargo Teslimat Ucretleri,Depolama Maliyetleri
36242.81,9776.68,26466.13,Sigorta Gelirleri,Depolama Maliyetleri
13775.22,17745.21,-3969.99,Lojistik Danismanlik,Yakit Giderleri
39653.14,5142.47,34510.67,Nakliye Ucretleri,Yakit Giderleri
42475.13,13504.01,28971.12,Kargo Teslimat Ucretleri,Depolama Maliyetleri
26228.16,13328.48,12899.68,Depolama Hizmetleri,Depolama Maliyetleri
16064.52,14714.13,1350.39,Nakliye Ucretleri,Yakit Giderleri
25595.78,19707.5,5888.28,Depolama Hizmetleri,Personel Giderleri
22424.14,14079.64,8344.5,Lojistik Danismanlik,Yakit Giderleri
36601.44,18075.93,18525.51,Depolama Hizmetleri,Personel Giderleri
20880.09,17510.86,3369.23,Sigorta Gelirleri,Yakit Giderleri
43882.43,5451.53,38430.9,Sigorta Gelirleri,Pazarlama Harcamaları
49833.07,8976.47,40856.6,Lojistik Danismanlik,Personel Giderleri
35174.75,17365.41,17809.34,Nakliye Ucretleri,Arac Bakim ve Onarim
46240.27,7022.54,39217.73,Lojistik Danismanlik,Pazarlama Harcamaları
34733.59,10583.11,24150.48,Kargo Teslimat Ucretleri,Pazarlama Harcamaları
35986.57,15451.4,20535.17,Sigorta Gelirleri,Depolama Maliyetleri
31669.28,7598.63,24070.65,Lojistik Danismanlik,Personel Giderleri
40990.41,11397.65,29592.76,Depolama Hizmetleri,Pazarlama Harcamaları
31980.35,5081.0,26899.35,Kargo Teslimat Ucretleri,Pazarlama Harcamaları
38522.54,15311.97,23210.57,Lojistik Danismanlik,Yakit Giderleri
36115.7,16621.89,19493.81,Nakliye Ucretleri,Arac Bakim ve Onarim
42673.17,12285.36,30387.81,Kargo Teslimat Ucretleri,Depolama Maliyetleri
46579.05,8282.52,38296.53,Nakliye Ucretleri,Personel Giderleri
12058.18,16361.77,-4303.59,Nakliye Ucretleri,Depolama Maliyetleri
46705.91,15683.49,31022.42,Kargo Teslimat Ucretleri,Yakit Giderleri
33367.76,16227.42,17140.34,Lojistik Danismanlik,Pazarlama Harcamaları
16566.81,10964.77,5602.04,Sigorta Gelirleri,Arac Bakim ve Onarim
41535.75,12229.01,29306.74,Lojistik Danismanlik,Depolama Maliyetleri
35137.87,6523.14,28614.73,Sigorta Gelirleri,Pazarlama Harcamaları
33507.74,9183.33,24324.41,Depolama Hizmetleri,Depolama Maliyetleri
49912.9,7725.94,42186.96,Kargo Teslimat Ucretleri,Depolama Maliyetleri
43045.81,15040.42,28005.39,Kargo Teslimat Ucretleri,Personel Giderleri
34716.76,15792.41,18924.35,Depolama Hizmetleri,Personel Giderleri
34402.16,14101.11,20301.05,Sigorta Gelirleri,Depolama Maliyetleri
35628.45,5800.66,29827.79,Sigorta Gelirleri,Personel Giderleri
15031.25,6990.52,8040.73,Sigorta Gelirleri,Pazarlama Harcamaları
29367.76,5486.95,23880.81,Nakliye Ucretleri,Depolama Maliyetleri
44050.37,17063.01,26987.36,Nakliye Ucretleri,Personel Giderleri
16994.01,15473.61,1520.4,Lojistik Danismanlik,Yakit Giderleri
30373.28,15278.69,15094.59,Depolama Hizmetleri,Personel Giderleri
25935.03,5530.17,20404.86,Lojistik Danismanlik,Pazarlama Harcamaları
19192.33,9126.16,10066.17,Sigorta Gelirleri,Depolama Maliyetleri
18041.18,12155.25,5885.93,Nakliye Ucretleri,Yakit Giderleri
11431.31,12446.67,-1015.36,Sigorta Gelirleri,Personel Giderleri
22111.1,11533.48,10577.62,Nakliye Ucretleri,Personel Giderleri
48218.95,12685.31,35533.64,Sigorta Gelirleri,Personel Giderleri
11079.22,17742.24,-6663.02,Kargo Teslimat Ucretleri,Depolama Maliyetleri
41039.7,5678.74,35360.96,Depolama Hizmetleri,Arac Bakim ve Onarim
32484.53,12567.53,19917.0,Lojistik Danismanlik,Depolama Maliyetleri
32259.87,5010.07,27249.8,Nakliye Ucretleri,Depolama Maliyetleri
46816.99,19654.42,27162.57,Nakliye Ucretleri,Depolama Maliyetleri
45915.02,9602.06,36312.96,Nakliye Ucretleri,Pazarlama Harcamaları
28100.2,16351.01,11749.19,Depolama Hizmetleri,Pazarlama Harcamaları
36493.23,10750.75,25742.48,Nakliye Ucretleri,Depolama Maliyetleri
30387.97,16425.49,13962.48,Kargo Teslimat Ucretleri,Personel Giderleri
38176.9,15576.52,22600.38,Nakliye Ucretleri,Yakit Giderleri
28385.23,15042.95,13342.28,Depolama Hizmetleri,Personel Giderleri
33687.67,15637.89,18049.78,Kargo Teslimat Ucretleri,Yakit Giderleri
39229.28,11413.44,27815.84,Lojistik Danismanlik,Pazarlama Harcamaları
11240.15,9703.14,1537.01,Depolama Hizmetleri,Personel Giderleri
23249.72,12594.81,10654.91,Lojistik Danismanlik,Yakit Giderleri
25918.02,18592.8,7325.22,Lojistik Danismanlik,Pazarlama Harcamaları
18691.21,13801.98,4889.23,Lojistik Danismanlik,Personel Giderleri
32217.96,11644.68,20573.28,Nakliye Ucretleri,Yakit Giderleri
19754.39,10607.31,9147.08,Depolama Hizmetleri,Depolama Maliyetleri
44916.54,10626.69,34289.85,Kargo Teslimat Ucretleri,Pazarlama Harcamaları
38287.25,12712.01,25575.24,Depolama Hizmetleri,Depolama Maliyetleri
42840.09,6323.67,36516.42,Kargo Teslimat Ucretleri,Pazarlama Harcamaları
31994.46,17227.68,14766.78,Nakliye Ucretleri,Pazarlama Harcamaları
29184.4,19152.38,10032.02,Kargo Teslimat Ucretleri,Depolama Maliyetleri
45757.67,13128.6,32629.07,Lojistik Danismanlik,Pazarlama Harcamaları
26522.8,7560.56,18962.24,Sigorta Gelirleri,Arac Bakim ve Onarim
27148.94,7492.61,19656.33,Sigorta Gelirleri,Pazarlama Harcamaları
33213.81,11437.3,21776.51,Depolama Hizmetleri,Depolama Maliyetleri
38362.76,6716.37,31646.39,Kargo Teslimat Ucretleri,Arac Bakim ve Onarim
47476.8,11925.69,35551.11,Depolama Hizmetleri,Arac Bakim ve Onarim
28332.5,8122.68,20209.82,Nakliye Ucretleri,Depolama Maliyetleri
48368.17,9553.37,38814.8,Lojistik Danismanlik,Arac Bakim ve Onarim
37819.46,10195.29,27624.17,Sigorta Gelirleri,Pazarlama Harcamaları
31809.92,16442.06,15367.86,Kargo Teslimat Ucretleri,Yakit Giderleri
40749.97,18888.0,21861.97,Depolama Hizmetleri,Depolama Maliyetleri
34807.74,11723.58,23084.16,Lojistik Danismanlik,Depolama Maliyetleri
23949.17,17416.1,6533.07,Nakliye Ucretleri,Arac Bakim ve Onarim
22856.47,10912.71,11943.76,Nakliye Ucretleri,Depolama Maliyetleri
32241.04,5856.9,26384.14,Kargo Teslimat Ucretleri,Yakit Giderleri
16115.03,17506.56,-1391.53,Depolama Hizmetleri,Depolama Maliyetleri
34752.4,9035.21,25717.19,Depolama Hizmetleri,Depolama Maliyetleri
43922.55,12700.37,31222.18,Sigorta Gelirleri,Personel Giderleri
37674.81,12079.5,25595.31,Nakliye Ucretleri,Personel Giderleri
12770.88,6680.48,6090.4,Lojistik Danismanlik,Pazarlama Harcamaları
10736.99,9638.21,1098.78,Sigorta Gelirleri,Yakit Giderleri
38938.03,19312.35,19625.68,Depolama Hizmetleri,Yakit Giderleri
13926.04,17405.69,-3479.65,Kargo Teslimat Ucretleri,Yakit Giderleri
12962.39,11848.33,1114.06,Kargo Teslimat Ucretleri,Pazarlama Harcamaları
44214.5,6761.61,37452.89,Nakliye Ucretleri,Pazarlama Harcamaları
36306.73,6282.72,30024.01,Lojistik Danismanlik,Arac Bakim ve Onarim
49689.26,9515.38,40173.88,Kargo Teslimat Ucretleri,Arac Bakim ve Onarim
11566.54,10747.14,819.4,Kargo Teslimat Ucretleri,Depolama Maliyetleri
31220.98,14855.55,16365.43,Depolama Hizmetleri,Depolama Maliyetleri
11837.92,8307.75,3530.17,Kargo Teslimat Ucretleri,Yakit Giderleri
45589.79,18378.29,27211.5,Nakliye Ucretleri,Depolama Maliyetleri
49934.67,11171.02,38763.65,Depolama Hizmetleri,Arac Bakim ve Onarim
39140.87,5726.99,33413.88,Lojistik Danismanlik,Arac Bakim ve Onarim
14663.05,18204.44,-3541.39,Kargo Teslimat Ucretleri,Yakit Giderleri
21487.18,19517.63,1969.55,Kargo Teslimat Ucretleri,Personel Giderleri
31269.07,17140.33,14128.74,Nakliye Ucretleri,Arac Bakim ve Onarim
19301.42,12405.37,6896.05,Kargo Teslimat Ucretleri,Arac Bakim ve Onarim
29844.72,7409.85,22434.87,Depolama Hizmetleri,Yakit Giderleri
12868.4,16551.08,-3682.68,Lojistik Danismanlik,Personel Giderleri
13416.92,9489.82,3927.1,Kargo Teslimat Ucretleri,Yakit Giderleri
42721.78,11694.45,31027.33,Kargo Teslimat Ucretleri,Pazarlama Harcamaları
39758.12,19648.81,20109.31,Lojistik Danismanlik,Pazarlama Harcamaları
35702.69,10122.38,25580.31,Kargo Teslimat Ucretleri,Personel Giderleri
22110.47,19121.36,2989.11,Nakliye Ucretleri,Depolama Maliyetleri
31841.29,7120.57,24720.72,Sigorta Gelirleri,Yakit Giderleri
39766.38,12795.5,26970.88,Kargo Teslimat Ucretleri,Depolama Maliyetleri
35675.79,5874.61,29801.18,Kargo Teslimat Ucretleri,Personel Giderleri
30384.57,10827.78,19556.79,Sigorta Gelirleri,Pazarlama Harcamaları
34654.9,8420.31,26234.59,Lojistik Danismanlik,Yakit Giderleri
19719.86,14385.76,5334.1,Lojistik Danismanlik,Personel Giderleri
31925.33,14104.36,17820.97,Depolama Hizmetleri,Pazarlama Harcamaları
36456.07,15162.57,21293.5,Nakliye Ucretleri,Arac Bakim ve Onarim
15410.29,13914.72,1495.57,Kargo Teslimat Ucretleri,Yakit Giderleri
31122.84,8374.19,22748.65,Kargo Teslimat Ucretleri,Personel Giderleri
14666.21,5395.17,9271.04,Nakliye Ucretleri,Depolama Maliyetleri
33775.88,8208.05,25567.83,Sigorta Gelirleri,Depolama Maliyetleri
31035.26,18220.92,12814.34,Kargo Teslimat Ucretleri,Depolama Maliyetleri
18004.61,14381.66,3622.95,Depolama Hizmetleri,Pazarlama Harcamaları
18149.81,13585.28,4564.53,Sigorta Gelirleri,Depolama Maliyetleri
19159.58,5185.85,13973.73,Sigorta Gelirleri,Yakit Giderleri
32765.05,6650.83,26114.22,Sigorta Gelirleri,Depolama Maliyetleri
30609.33,11607.12,19002.21,Depolama Hizmetleri,Arac Bakim ve Onarim
17648.15,16360.56,1287.59,Sigorta Gelirleri,Personel Giderleri
49775.85,12508.96,37266.89,Kargo Teslimat Ucretleri,Arac Bakim ve Onarim
23544.09,18686.75,4857.34,Depolama Hizmetleri,Yakit Giderleri
36633.69,10180.32,26453.37,Nakliye Ucretleri,Arac Bakim ve Onarim
32665.74,11879.09,20786.65,Lojistik Danismanlik,Depolama Maliyetleri
36115.89,16917.82,19198.07,Sigorta Gelirleri,Pazarlama Harcamaları
29649.27,8401.58,21247.69,Kargo Teslimat Ucretleri,Personel Giderleri
20491.07,7272.68,13218.39,Sigorta Gelirleri,Depolama Maliyetleri
33487.7,13373.79,20113.91,Kargo Teslimat Ucretleri,Personel Giderleri
28515.25,12969.33,15545.92,Nakliye Ucretleri,Depolama Maliyetleri
40534.29,15246.28,25288.01,Lojistik Danismanlik,Yakit Giderleri
14316.41,12260.32,2056.09,Sigorta Gelirleri,Yakit Giderleri
37995.39,14531.29,23464.1,Lojistik Danismanlik,Pazarlama Harcamaları
26042.91,15527.08,10515.83,Kargo Teslimat Ucretleri,Pazarlama Harcamaları
44651.6,7073.28,37578.32,Lojistik Danismanlik,Personel Giderleri
49661.0,5226.17,44434.83,Depolama Hizmetleri,Pazarlama Harcamaları
40500.38,8270.04,32230.34,Sigorta Gelirleri,Pazarlama Harcamaları
34554.54,14289.57,20264.97,Nakliye Ucretleri,Personel Giderleri
25490.7,14742.47,10748.23,Depolama Hizmetleri,Depolama Maliyetleri
27329.47,10895.94,16433.53,Sigorta Gelirleri,Arac Bakim ve Onarim
25906.99,19204.5,6702.49,Nakliye Ucretleri,Personel Giderleri
29385.91,14399.25,14986.66,Depolama Hizmetleri,Pazarlama Harcamaları
11360.28,8375.8,2984.48,Sigorta Gelirleri,Pazarlama Harcamaları
48353.03,14006.73,34346.3,Kargo Teslimat Ucretleri,Personel Giderleri
30435.44,14366.01,16069.43,Sigorta Gelirleri,Personel Giderleri
11357.84,7130.9,4226.94,Kargo Teslimat Ucretleri,Yakit Giderleri
40341.71,18811.27,21530.44,Depolama Hizmetleri,Pazarlama Harcamaları
38026.71,6450.75,31575.96,Lojistik Danismanlik,Personel Giderleri
43175.64,6341.72,36833.92,Sigorta Gelirleri,Pazarlama Harcamaları
30759.82,19467.83,11291.99,Sigorta Gelirleri,Pazarlama Harcamaları
42591.0,9429.43,33161.57,Sigorta Gelirleri,Yakit Giderleri
35193.32,19835.82,15357.5,Lojistik Danismanlik,Personel Giderleri
13178.91,6167.49,7011.42,Kargo Teslimat Ucretleri,Yakit Giderleri
38953.25,12046.53,26906.72,Lojistik Danismanlik,Yakit Giderleri
27202.06,5273.63,21928.43,Kargo Teslimat Ucretleri,Yakit Giderleri
48266.65,11870.95,36395.7,Lojistik Danismanlik,Personel Giderleri
18389.32,17156.58,1232.74,Depolama Hizmetleri,Yakit Giderleri
21545.54,5778.68,15766.86,Depolama Hizmetleri,Depolama Maliyetleri
37628.52,5494.15,32134.37,Sigorta Gelirleri,Personel Giderleri
13686.5,18178.07,-4491.57,Lojistik Danismanlik,Depolama Maliyetleri
32706.88,19436.99,13269.89,Nakliye Ucretleri,Yakit Giderleri
24485.24,12606.71,11878.53,Kargo Teslimat Ucretleri,Pazarlama Harcamaları
10450.95,14148.57,-3697.62,Lojistik Danismanlik,Yakit Giderleri
33316.74,9231.28,24085.46,Kargo Teslimat Ucretleri,Depolama Maliyetleri
23131.57,19399.26,3732.31,Nakliye Ucretleri,Yakit Giderleri
29104.52,10428.24,18676.28,Nakliye Ucretleri,Personel Giderleri
40555.0,7075.99,33479.01,Kargo Teslimat Ucretleri,Personel Giderleri
10755.48,7783.93,2971.55,Nakliye Ucretleri,Yakit Giderleri
18622.22,12644.91,5977.31,Lojistik Danismanlik,Personel Giderleri
27117.8,8336.85,18780.95,Sigorta Gelirleri,Yakit Giderleri
17847.79,17806.97,40.82,Nakliye Ucretleri,Pazarlama Harcamaları
47737.98,19255.24,28482.74,Nakliye Ucretleri,Arac Bakim ve Onarim
31201.74,19378.96,11822.78,Lojistik Danismanlik,Yakit Giderleri
48606.11,14233.04,34373.07,Sigorta Gelirleri,Pazarlama Harcamaları
24093.12,16925.45,7167.67,Nakliye Ucretleri,Arac Bakim ve Onarim
20846.33,10931.32,9915.01,Sigorta Gelirleri,Personel Giderleri
11187.89,14306.9,-3119.01,Nakliye Ucretleri,Personel Giderleri
15600.65,19286.96,-3686.31,Sigorta Gelirleri,Personel Giderleri
40932.26,7280.66,33651.6,Sigorta Gelirleri,Yakit Giderleri
46314.9,18530.98,27783.92,Lojistik Danismanlik,Yakit Giderleri
33647.08,10858.93,22788.15,Depolama Hizmetleri,Personel Giderleri
29366.48,19263.0,10103.48,Kargo Teslimat Ucretleri,Yakit Giderleri
25473.76,5860.82,19612.94,Nakliye Ucretleri,Depolama Maliyetleri
11657.44,16620.93,-4963.49,Sigorta Gelirleri,Arac Bakim ve Onarim
11838.64,19500.14,-7661.5,Depolama Hizmetleri,Depolama Maliyetleri
11288.76,10734.67,554.09,Nakliye Ucretleri,Pazarlama Harcamaları
47918.04,8120.9,39797.14,Depolama Hizmetleri,Yakit Giderleri
19078.31,16131.85,2946.46,Sigorta Gelirleri,Depolama Maliyetleri
10018.14,14910.87,-4892.73,Sigorta Gelirleri,Pazarlama Harcamaları
35994.35,6081.5,29912.85,Nakliye Ucretleri,Personel Giderleri
36510.43,15844.77,20665.66,Lojistik Danismanlik,Depolama Maliyetleri
44998.96,5534.61,39464.35,Depolama Hizmetleri,Personel Giderleri
12482.15,13861.75,-1379.6,Depolama Hizmetleri,Arac Bakim ve Onarim
48886.36,18860.19,30026.17,Sigorta Gelirleri,Arac Bakim ve Onarim
15495.98,8751.32,6744.66,Nakliye Ucretleri,Depolama Maliyetleri
16919.11,16322.99,596.12,Nakliye Ucretleri,Depolama Maliyetleri
35168.71,9268.09,25900.62,Sigorta Gelirleri,Arac Bakim ve Onarim
44836.23,17245.13,27591.1,Sigorta Gelirleri,Arac Bakim ve Onarim
26732.57,9942.51,16790.06,Nakliye Ucretleri,Yakit Giderleri
16812.29,6449.22,10363.07,Depolama Hizmetleri,Pazarlama Harcamaları
14720.7,14036.17,684.53,Nakliye Ucretleri,Yakit Giderleri
20107.25,13159.39,6947.86,Sigorta Gelirleri,Pazarlama Harcamaları
23617.79,5779.66,17838.13,Kargo Teslimat Ucretleri,Personel Giderleri
27405.56,6842.68,20562.88,Kargo Teslimat Ucretleri,Pazarlama Harcamaları
14018.87,17168.27,-3149.4,Nakliye Ucretleri,Depolama Maliyetleri
20813.54,10743.17,10070.37,Sigorta Gelirleri,Yakit Giderleri
42137.1,17456.86,24680.24,Depolama Hizmetleri,Yakit Giderleri
45431.11,10740.47,34690.64,Kargo Teslimat Ucretleri,Personel Giderleri
25353.81,19033.64,6320.17,Lojistik Danismanlik,Pazarlama Harcamaları
48130.93,5126.39,43004.54,Lojistik Danismanlik,Depolama Maliyetleri
40044.34,13220.57,26823.77,Depolama Hizmetleri,Personel Giderleri
45583.43,10135.85,35447.58,Depolama Hizmetleri,Arac Bakim ve Onarim
20910.57,14968.67,5941.9,Nakliye Ucretleri,Pazarlama Harcamaları
13494.62,7402.8,6091.82,Sigorta Gelirleri,Yakit Giderleri
12225.84,13175.61,-949.77,Depolama Hizmetleri,Personel Giderleri
12481.76,5979.5,6502.26,Kargo Teslimat Ucretleri,Pazarlama Harcamaları
47678.96,14773.05,32905.91,Kargo Teslimat Ucretleri,Arac Bakim ve Onarim
25207.99,10338.0,14869.99,Sigorta Gelirleri,Personel Giderleri
20404.7,12869.51,7535.19,Lojistik Danismanlik,Yakit Giderleri
21061.25,16851.73,4209.52,Lojistik Danismanlik,Depolama Maliyetleri
11830.29,5663.52,6166.77,Nakliye Ucretleri,Depolama Maliyetleri
45894.56,11069.29,34825.27,Kargo Teslimat Ucretleri,Pazarlama Harcamaları
14841.97,17414.68,-2572.71,Lojistik Danismanlik,Personel Giderleri
12871.61,10405.77,2465.84,Depolama Hizmetleri,Yakit Giderleri
42379.84,13276.39,29103.45,Kargo Teslimat Ucretleri,Yakit Giderleri
32393.9,12829.08,19564.82,Sigorta Gelirleri,Pazarlama Harcamaları
19018.9,15316.29,3702.61,Lojistik Danismanlik,Depolama Maliyetleri
39509.98,19892.11,19617.87,Depolama Hizmetleri,Arac Bakim ve Onarim
15897.12,8382.44,7514.68,Nakliye Ucretleri,Pazarlama Harcamaları
19481.64,14341.34,5140.3,Depolama Hizmetleri,Personel Giderleri
23452.08,7748.62,15703.46,Lojistik Danismanlik,Depolama Maliyetleri
36315.56,5495.56,30820.0,Lojistik Danismanlik,Yakit Giderleri
49926.53,7916.47,42010.06,Lojistik Danismanlik,Yakit Giderleri
21486.41,11292.59,10193.82,Depolama Hizmetleri,Depolama Maliyetleri
14909.3,12441.94,2467.36,Depolama Hizmetleri,Depolama Maliyetleri
28531.74,19434.03,9097.71,Depolama Hizmetleri,Yakit Giderleri
33179.07,18171.94,15007.13,Kargo Teslimat Ucretleri,Arac Bakim ve Onarim
14103.43,17670.9,-3567.47,Sigorta Gelirleri,Depolama Maliyetleri
44738.47,18720.13,26018.34,Kargo Teslimat Ucretleri,Yakit Giderleri
16932.33,16825.17,107.16,Depolama Hizmetleri,Pazarlama Harcamaları
17933.83,8181.38,9752.45,Depolama Hizmetleri,Pazarlama Harcamaları
31421.56,5856.8,25564.76,Kargo Teslimat Ucretleri,Arac Bakim ve Onarim
49338.58,17980.78,31357.8,Kargo Teslimat Ucretleri,Pazarlama Harcamaları
36651.31,17791.0,18860.31,Depolama Hizmetleri,Arac Bakim ve Onarim
20383.21,6155.24,14227.97,Depolama Hizmetleri,Personel Giderleri
47042.17,6673.42,40368.75,Sigorta Gelirleri,Arac Bakim ve Onarim
10201.79,8727.3,1474.49,Lojistik Danismanlik,Personel Giderleri
32635.51,6020.7,26614.81,Nakliye Ucretleri,Yakit Giderleri
39764.74,10519.74,29245.0,Depolama Hizmetleri,Personel Giderleri
25520.75,12715.3,12805.45,Nakliye Ucretleri,Arac Bakim ve Onarim
36686.56,7096.92,29589.64,Depolama Hizmetleri,Depolama Maliyetleri
37488.6,8191.84,29296.76,Sigorta Gelirleri,Arac Bakim ve Onarim
27845.49,13850.34,13995.15,Depolama Hizmetleri,Pazarlama Harcamaları
24225.39,7249.31,16976.08,Kargo Teslimat Ucretleri,Yakit Giderleri
33184.41,7532.55,25651.86,Sigorta Gelirleri,Depolama Maliyetleri
16966.45,6525.15,10441.3,Kargo Teslimat Ucretleri,Yakit Giderleri
30585.65,5973.97,24611.68,Nakliye Ucretleri,Arac Bakim ve Onarim
17171.78,7834.63,9337.15,Nakliye Ucretleri,Depolama Maliyetleri
19941.77,12215.22,7726.55,Depolama Hizmetleri,Arac Bakim ve Onarim
38276.71,10746.06,27530.65,Sigorta Gelirleri,Arac Bakim ve Onarim
19314.94,11566.55,7748.39,Kargo Teslimat Ucretleri,Personel Giderleri
43748.0,17957.96,25790.04,Depolama Hizmetleri,Yakit Giderleri
16292.97,16211.22,81.75,Depolama Hizmetleri,Personel Giderleri
21133.95,5270.04,15863.91,Kargo Teslimat Ucretleri,Pazarlama Harcamaları
24729.32,19369.51,5359.81,Nakliye Ucretleri,Pazarlama Harcamaları
43733.46,17033.94,26699.52,Kargo Teslimat Ucretleri,Yakit Giderleri
49462.15,15611.55,33850.6,Lojistik Danismanlik,Pazarlama Harcamaları
18502.53,11010.12,7492.41,Nakliye Ucretleri,Pazarlama Harcamaları
41176.25,14260.0,26916.25,Lojistik Danismanlik,Arac Bakim ve Onarim
25752.71,11870.36,13882.35,Lojistik Danismanlik,Depolama Maliyetleri
48898.18,19459.54,29438.64,Nakliye Ucretleri,Yakit Giderleri
27595.27,6390.87,21204.4,Depolama Hizmetleri,Arac Bakim ve Onarim
28182.73,7511.33,20671.4,Sigorta Gelirleri,Pazarlama Harcamaları
26076.19,15462.63,10613.56,Lojistik Danismanlik,Yakit Giderleri
24528.46,17814.48,6713.98,Nakliye Ucretleri,Arac Bakim ve Onarim
31134.19,16403.4,14730.79,Lojistik Danismanlik,Arac Bakim ve Onarim
47745.98,18754.84,28991.14,Lojistik Danismanlik,Arac Bakim ve Onarim
26933.22,5881.01,21052.21,Depolama Hizmetleri,Arac Bakim ve Onarim
25542.53,11366.4,14176.13,Lojistik Danismanlik,Pazarlama Harcamaları
29715.73,15919.11,13796.62,Lojistik Danismanlik,Depolama Maliyetleri
41293.92,7493.11,33800.81,Lojistik Danismanlik,Yakit Giderleri
17953.81,5161.33,12792.48,Kargo Teslimat Ucretleri,Arac Bakim ve Onarim
32119.54,13722.97,18396.57,Nakliye Ucretleri,Yakit Giderleri
34216.75,9838.96,24377.79,Sigorta Gelirleri,Pazarlama Harcamaları
33112.27,13580.09,19532.18,Nakliye Ucretleri,Personel Giderleri
38599.61,11822.18,26777.43,Nakliye Ucretleri,Personel Giderleri
35495.5,11920.52,23574.98,Depolama Hizmetleri,Arac Bakim ve Onarim
41278.16,8980.37,32297.79,Nakliye Ucretleri,Personel Giderleri
20674.35,15031.51,5642.84,Nakliye Ucretleri,Yakit Giderleri
15605.34,9212.61,6392.73,Lojistik Danismanlik,Pazarlama Harcamaları
38938.37,9244.67,29693.7,Lojistik Danismanlik,Yakit Giderleri
32020.89,13751.19,18269.7,Sigorta Gelirleri,Pazarlama Harcamaları
15627.89,6660.39,8967.5,Lojistik Danismanlik,Arac Bakim ve Onarim
44556.06,10616.61,33939.45,Depolama Hizmetleri,Depolama Maliyetleri
18365.4,8918.91,9446.49,Sigorta Gelirleri,Depolama Maliyetleri
22406.77,18644.93,3761.84,Sigorta Gelirleri,Arac Bakim ve Onarim
20320.87,13027.6,7293.27,Depolama Hizmetleri,Yakit Giderleri
34359.81,7163.27,27196.54,Nakliye Ucretleri,Pazarlama Harcamaları
10260.85,13514.82,-3253.97,Kargo Teslimat Ucretleri,Personel Giderleri
22837.8,5493.03,17344.77,Kargo Teslimat Ucretleri,Arac Bakim ve Onarim
24696.13,9820.85,14875.28,Kargo Teslimat Ucretleri,Pazarlama Harcamaları
28044.66,19478.89,8565.77,Nakliye Ucretleri,Pazarlama Harcamaları
34753.28,13364.26,21389.02,Lojistik Danismanlik,Depolama Maliyetleri
31786.81,18813.35,12973.46,Lojistik Danismanlik,Arac Bakim ve Onarim
41552.93,17243.85,24309.08,Sigorta Gelirleri,Depolama Maliyetleri
17397.94,7141.08,10256.86,Depolama Hizmetleri,Yakit Giderleri
18654.44,6592.62,12061.82,Lojistik Danismanlik,Personel Giderleri
35048.51,6277.48,28771.03,Depolama Hizmetleri,Pazarlama Harcamaları
35428.49,6172.85,29255.64,Nakliye Ucretleri,Yakit Giderleri
29841.25,9560.51,20280.74,Sigorta Gelirleri,Yakit Giderleri
22764.99,16969.76,5795.23,Kargo Teslimat Ucretleri,Depolama Maliyetleri
38704.04,6309.14,32394.9,Sigorta Gelirleri,Arac Bakim ve Onarim
23726.64,17116.57,6610.07,Nakliye Ucretleri,Depolama Maliyetleri
29656.91,11278.2,18378.71,Sigorta Gelirleri,Arac Bakim ve Onarim
33180.28,11166.64,22013.64,Depolama Hizmetleri,Depolama Maliyetleri
40759.57,5685.23,35074.34,Lojistik Danismanlik,Arac Bakim ve Onarim
40939.43,12931.01,28008.42,Depolama Hizmetleri,Personel Giderleri
21607.54,17077.79,4529.75,Sigorta Gelirleri,Personel Giderleri
10525.07,11308.26,-783.19,Depolama Hizmetleri,Depolama Maliyetleri
28199.39,17063.57,11135.82,Depolama Hizmetleri,Personel Giderleri
37392.75,8444.71,28948.04,Sigorta Gelirleri,Arac Bakim ve Onarim
35867.55,18723.13,17144.42,Kargo Teslimat Ucretleri,Personel Giderleri
48179.99,9428.16,38751.83,Nakliye Ucretleri,Arac Bakim ve Onarim
29230.58,7950.7,21279.88,Lojistik Danismanlik,Depolama Maliyetleri
21422.14,19056.49,2365.65,Nakliye Ucretleri,Personel Giderleri
44703.67,12101.12,32602.55,Lojistik Danismanlik,Personel Giderleri
17984.26,12988.49,4995.77,Nakliye Ucretleri,Arac Bakim ve Onarim
45288.85,19797.91,25490.94,Depolama Hizmetleri,Personel Giderleri
10072.42,13977.54,-3905.12,Sigorta Gelirleri,Yakit Giderleri
37678.42,19094.65,18583.77,Kargo Teslimat Ucretleri,Personel Giderleri
21652.78,18827.35,2825.43,Kargo Teslimat Ucretleri,Arac Bakim ve Onarim
32123.39,9585.09,22538.3,Kargo Teslimat Ucretleri,Personel Giderleri
13932.06,11755.07,2176.99,Kargo Teslimat Ucretleri,Yakit Giderleri
23852.2,11099.62,12752.58,Nakliye Ucretleri,Yakit Giderleri
33547.13,8250.2,25296.93,Nakliye Ucretleri,Yakit Giderleri
37781.69,5316.52,32465.17,Kargo Teslimat Ucretleri,Depolama Maliyetleri
17413.53,13026.07,4387.46,Lojistik Danismanlik,Depolama Maliyetleri
32390.52,17977.79,14412.73,Nakliye Ucretleri,Depolama Maliyetleri
20673.32,6023.71,14649.61,Nakliye Ucretleri,Depolama Maliyetleri
39605.49,16237.19,23368.3,Depolama Hizmetleri,Pazarlama Harcamaları
19858.59,19152.5,706.09,Kargo Teslimat Ucretleri,Pazarlama Harcamaları
21433.79,6323.99,15109.8,Nakliye Ucretleri,Pazarlama Harcamaları
41059.68,18519.4,22540.28,Kargo Teslimat Ucretleri,Depolama Maliyetleri
46577.7,17707.77,28869.93,Depolama Hizmetleri,Yakit Giderleri
29808.63,6745.91,23062.72,Sigorta Gelirleri,Personel Giderleri
11185.6,15916.21,-4730.61,Nakliye Ucretleri,Pazarlama Harcamaları
14271.22,6337.91,7933.31,Sigorta Gelirleri,Yakit Giderleri
18215.18,13838.56,4376.62,Sigorta Gelirleri,Pazarlama Harcamaları
32776.74,10754.79,22021.95,Nakliye Ucretleri,Depolama Maliyetleri
46725.83,18244.67,28481.16,Depolama Hizmetleri,Pazarlama Harcamaları
18063.32,11284.42,6778.9,Depolama Hizmetleri,Arac Bakim ve Onarim
28931.73,8786.39,20145.34,Depolama Hizmetleri,Yakit Giderleri
35915.34,13678.04,22237.3,Kargo Teslimat Ucretleri,Arac Bakim ve Onarim
32015.61,5474.68,26540.93,Kargo Teslimat Ucretleri,Arac Bakim ve Onarim
20464.39,11525.79,8938.6,Lojistik Danismanlik,Depolama Maliyetleri
30253.51,6108.35,24145.16,Nakliye Ucretleri,Depolama Maliyetleri
35643.64,16394.16,19249.48,Depolama Hizmetleri,Arac Bakim ve Onarim
32410.62,12756.34,19654.28,Nakliye Ucretleri,Yakit Giderleri
40912.43,19933.37,20979.06,Lojistik Danismanlik,Pazarlama Harcamaları
15318.81,8938.32,6380.49,Depolama Hizmetleri,Pazarlama Harcamaları
17960.24,8255.25,9704.99,Depolama Hizmetleri,Pazarlama Harcamaları
48485.0,16089.19,32395.81,Depolama Hizmetleri,Depolama Maliyetleri
43559.44,6643.14,36916.3,Kargo Teslimat Ucretleri,Pazarlama Harcamaları
16335.11,6235.09,10100.02,Depolama Hizmetleri,Arac Bakim ve Onarim
31353.21,9873.83,21479.38,Kargo Teslimat Ucretleri,Depolama Maliyetleri
41950.89,6262.19,35688.7,Nakliye Ucretleri,Yakit Giderleri
12802.18,10627.41,2174.77,Kargo Teslimat Ucretleri,Pazarlama Harcamaları
14559.12,14848.02,-288.9,Sigorta Gelirleri,Depolama Maliyetleri
12182.6,14714.19,-2531.59,Sigorta Gelirleri,Pazarlama Harcamaları
19858.51,12612.45,7246.06,Nakliye Ucretleri,Personel Giderleri
49524.21,11156.43,38367.78,Nakliye Ucretleri,Yakit Giderleri
48121.09,11266.71,36854.38,Sigorta Gelirleri,Personel Giderleri
33369.91,6311.29,27058.62,Kargo Teslimat Ucretleri,Arac Bakim ve Onarim
27141.06,17669.92,9471.14,Nakliye Ucretleri,Depolama Maliyetleri
49500.54,15864.84,33635.7,Nakliye Ucretleri,Arac Bakim ve Onarim
10235.4,15222.37,-4986.97,Kargo Teslimat Ucretleri,Pazarlama Harcamaları
41717.47,5003.69,36713.78,Lojistik Danismanlik,Personel Giderleri
45704.62,7813.71,37890.91,Sigorta Gelirleri,Personel Giderleri
10990.49,5880.32,5110.17,Kargo Teslimat Ucretleri,Arac Bakim ve Onarim
13432.27,9836.33,3595.94,Kargo Teslimat Ucretleri,Arac Bakim ve Onarim
21864.09,7925.64,13938.45,Kargo Teslimat Ucretleri,Depolama Maliyetleri
31583.19,11549.74,20033.45,Nakliye Ucretleri,Depolama Maliyetleri
14307.82,14977.66,-669.84,Sigorta Gelirleri,Pazarlama Harcamaları
32104.35,9702.98,22401.37,Kargo Teslimat Ucretleri,Pazarlama Harcamaları
31582.4,11588.25,19994.15,Nakliye Ucretleri,Depolama Maliyetleri
10809.28,13298.13,-2488.85,Lojistik Danismanlik,Depolama Maliyetleri
42476.73,6879.2,35597.53,Kargo Teslimat Ucretleri,Depolama Maliyetleri
37369.2,11546.75,25822.45,Sigorta Gelirleri,Yakit Giderleri
27018.08,9582.68,17435.4,Nakliye Ucretleri,Arac Bakim ve Onarim
12468.35,18540.43,-6072.08,Lojistik Danismanlik,Depolama Maliyetleri
42525.64,19041.66,23483.98,Depolama Hizmetleri,Pazarlama Harcamaları
18379.56,5325.75,13053.81,Sigorta Gelirleri,Pazarlama Harcamaları
11420.52,17189.53,-5769.01,Lojistik Danismanlik,Arac Bakim ve Onarim
10889.55,9235.81,1653.74,Nakliye Ucretleri,Depolama Maliyetleri
14307.85,16091.82,-1783.97,Sigorta Gelirleri,Arac Bakim ve Onarim
26147.07,5328.48,20818.59,Sigorta Gelirleri,Depolama Maliyetleri
27249.65,14822.77,12426.88,Nakliye Ucretleri,Pazarlama Harcamaları
16038.34,8630.52,7407.82,Lojistik Danismanlik,Arac Bakim ve Onarim
21833.7,12366.36,9467.34,Depolama Hizmetleri,Arac Bakim ve Onarim
17614.44,5700.63,11913.81,Lojistik Danismanlik,Personel Giderleri
22916.01,5566.84,17349.17,Lojistik Danismanlik,Arac Bakim ve Onarim
35584.78,18734.5,16850.28,Lojistik Danismanlik,Depolama Maliyetleri
35045.88,13242.33,21803.55,Kargo Teslimat Ucretleri,Personel Giderleri
12099.05,12769.88,-670.83,Kargo Teslimat Ucretleri,Depolama Maliyetleri
48900.33,15618.21,33282.12,Kargo Teslimat Ucretleri,Pazarlama Harcamaları
20455.76,10365.04,10090.72,Lojistik Danismanlik,Depolama Maliyetleri
24553.74,7849.84,16703.9,Depolama Hizmetleri,Personel Giderleri
24777.64,19478.54,5299.1,Lojistik Danismanlik,Arac Bakim ve Onarim
11209.41,5308.86,5900.55,Depolama Hizmetleri,Depolama Maliyetleri
27807.46,15918.1,11889.36,Lojistik Danismanlik,Yakit Giderleri
42178.74,14929.12,27249.62,Lojistik Danismanlik,Personel Giderleri
20435.16,16588.01,3847.15,Nakliye Ucretleri,Arac Bakim ve Onarim
33604.24,11447.0,22157.24,Depolama Hizmetleri,Yakit Giderleri
17862.36,10780.25,7082.11,Depolama Hizmetleri,Depolama Maliyetleri
31092.11,14430.11,16662.0,Sigorta Gelirleri,Yakit Giderleri
21351.25,18673.46,2677.79,Depolama Hizmetleri,Yakit Giderleri
37101.63,14283.57,22818.06,Lojistik Danismanlik,Depolama Maliyetleri
35501.14,6323.41,29177.73,Lojistik Danismanlik,Personel Giderleri
48061.71,18414.74,29646.97,Kargo Teslimat Ucretleri,Personel Giderleri
11910.31,10054.9,1855.41,Kargo Teslimat Ucretleri,Personel Giderleri
47745.34,6013.37,41731.97,Kargo Teslimat Ucretleri,Personel Giderleri
47332.57,11752.43,35580.14,Sigorta Gelirleri,Arac Bakim ve Onarim
17958.83,15818.43,2140.4,Nakliye Ucretleri,Arac Bakim ve Onarim
32145.73,5692.01,26453.72,Depolama Hizmetleri,Yakit Giderleri
28649.79,13787.96,14861.83,Depolama Hizmetleri,Pazarlama Harcamaları
41134.56,7802.03,33332.53,Nakliye Ucretleri,Yakit Giderleri
37114.19,14345.68,22768.51,Nakliye Ucretleri,Pazarlama Harcamaları
10572.3,18800.78,-8228.48,Depolama Hizmetleri,Depolama Maliyetleri
17064.59,11357.08,5707.51,Sigorta Gelirleri,Depolama Maliyetleri
41540.31,11086.96,30453.35,Sigorta Gelirleri,Depolama Maliyetleri
20742.75,7905.7,12837.05,Sigorta Gelirleri,Yakit Giderleri
33705.79,19740.17,13965.62,Sigorta Gelirleri,Arac Bakim ve Onarim
29918.37,9819.4,20098.97,Nakliye Ucretleri,Depolama Maliyetleri
16154.95,10379.39,5775.56,Sigorta Gelirleri,Depolama Maliyetleri
17774.82,8780.43,8994.39,Lojistik Danismanlik,Arac Bakim ve Onarim
38215.84,6828.39,31387.45,Kargo Teslimat Ucretleri,Pazarlama Harcamaları
14898.82,16770.19,-1871.37,Nakliye Ucretleri,Pazarlama Harcamaları
28932.78,18312.89,10619.89,Depolama Hizmetleri,Yakit Giderleri
32635.28,15143.94,17491.34,Kargo Teslimat Ucretleri,Yakit Giderleri
13414.98,14583.77,-1168.79,Lojistik Danismanlik,Personel Giderleri
25993.47,8490.69,17502.78,Nakliye Ucretleri,Yakit Giderleri
10907.91,19413.86,-8505.95,Depolama Hizmetleri,Pazarlama Harcamaları
19457.35,14055.27,5402.08,Nakliye Ucretleri,Depolama Maliyetleri
41692.65,18508.8,23183.85,Nakliye Ucretleri,Arac Bakim ve Onarim
37137.12,11166.04,25971.08,Lojistik Danismanlik,Personel Giderleri
11347.49,19989.96,-8642.47,Kargo Teslimat Ucretleri,Depolama Maliyetleri
29005.9,6773.36,22232.54,Lojistik Danismanlik,Yakit Giderleri
24701.71,19932.83,4768.88,Lojistik Danismanlik,Depolama Maliyetleri
39009.26,11979.39,27029.87,Nakliye Ucretleri,Personel Giderleri
26373.89,18974.47,7399.42,Lojistik Danismanlik,Pazarlama Harcamaları
22196.54,12617.02,9579.52,Nakliye Ucretleri,Pazarlama Harcamaları
47604.88,5465.71,42139.17,Kargo Teslimat Ucretleri,Arac Bakim ve Onarim
14106.08,9737.16,4368.92,Kargo Teslimat Ucretleri,Pazarlama Harcamaları
35717.76,16828.79,18888.97,Nakliye Ucretleri,Personel Giderleri
32204.11,19300.42,12903.69,Sigorta Gelirleri,Personel Giderleri
25481.66,11369.34,14112.32,Nakliye Ucretleri,Pazarlama Harcamaları
35914.54,15133.36,20781.18,Sigorta Gelirleri,Pazarlama Harcamaları
34182.57,8861.33,25321.24,Lojistik Danismanlik,Arac Bakim ve Onarim
25893.52,12079.66,13813.86,Depolama Hizmetleri,Arac Bakim ve Onarim
21472.89,15522.6,5950.29,Sigorta Gelirleri,Depolama Maliyetleri
22866.11,6227.54,16638.57,Depolama Hizmetleri,Depolama Maliyetleri
36061.78,17658.12,18403.66,Depolama Hizmetleri,Yakit Giderleri
31677.19,17138.91,14538.28,Depolama Hizmetleri,Pazarlama Harcamaları
48926.96,9707.5,39219.46,Depolama Hizmetleri,Personel Giderleri
42232.41,11003.77,31228.64,Nakliye Ucretleri,Pazarlama Harcamaları
17917.84,7355.56,10562.28,Kargo Teslimat Ucretleri,Personel Giderleri
24124.35,10466.59,13657.76,Depolama Hizmetleri,Yakit Giderleri
42487.31,6692.97,35794.34,Kargo Teslimat Ucretleri,Pazarlama Harcamaları
30449.02,12465.48,17983.54,Lojistik Danismanlik,Personel Giderleri
22122.66,13698.09,8424.57,Sigorta Gelirleri,Arac Bakim ve Onarim
28856.85,10684.67,18172.18,Depolama Hizmetleri,Yakit Giderleri
10366.7,14172.53,-3805.83,Depolama Hizmetleri,Yakit Giderleri
34646.71,6447.96,28198.75,Lojistik Danismanlik,Yakit Giderleri
30034.47,13470.1,16564.37,Lojistik Danismanlik,Yakit Giderleri
19087.46,11753.87,7333.59,Kargo Teslimat Ucretleri,Yakit Giderleri
45460.33,17040.11,28420.22,Kargo Teslimat Ucretleri,Pazarlama Harcamaları
35280.9,16977.52,18303.38,Depolama Hizmetleri,Yakit Giderleri
43179.07,9099.84,34079.23,Kargo Teslimat Ucretleri,Yakit Giderleri
40125.77,7858.81,32266.96,Nakliye Ucretleri,Arac Bakim ve Onarim
27439.09,9949.84,17489.25,Lojistik Danismanlik,Pazarlama Harcamaları
37131.59,15608.01,21523.58,Kargo Teslimat Ucretleri,Personel Giderleri
21324.11,10403.9,10920.21,Sigorta Gelirleri,Depolama Maliyetleri
10413.1,17716.06,-7302.96,Sigorta Gelirleri,Pazarlama Harcamaları
