Liman Adi,Liman Konumu,Liman Kapasitesi,Liman Hizmetleri,Liman Guvenlik Durumu
New Emily,-0.241902,7408,Konteyner Terminali,Yuksek
South Jacobbury,-0.129055,15225,Bosaltma,Yuksek
New Devinton,0.377298,23523,Yukleme,Yuksek
East Ashleymouth,0.026758,40599,Yukleme,Dusuk
Jeffreystad,-0.447599,30713,Konteyner Terminali,Yuksek
Romeroland,-0.482105,6936,Depolama,Yuksek
Swansonburgh,0.097054,3511,Bosaltma,Dusuk
Ericchester,-0.087411,25988,Depolama,Yuksek
Thomasstad,0.384679,40954,Bosaltma,Orta
Dylanport,-0.301025,40145,Konteyner Terminali,Yuksek
West Brendaview,-0.303280,43120,Yukleme,Orta
New Saramouth,-0.197399,28572,Yukleme,Orta
Yuborough,-0.071041,30283,Yukleme,Yuksek
South Danielle,0.299923,21472,Depolama,Yuksek
Shaunborough,-0.137325,39917,Depolama,Yuksek
Port Donald,-0.257253,24605,Bosaltma,Orta
Turnerview,-0.426642,3924,Depolama,Orta
Braunchester,0.189876,22596,Yukleme,Orta
East Charles,0.426039,49985,Depolama,Yuksek
West Jonathanside,-0.062349,20272,Konteyner Terminali,Yuksek
Port Danielview,0.489008,3052,Konteyner Terminali,Dusuk
Lake Patricia,-0.018433,11061,Bosaltma,Yuksek
Franciscobury,-0.133204,12254,Depolama,Orta
Katrinaton,0.425197,11866,Depolama,Yuksek
Lake Calvin,-0.257251,7682,Konteyner Terminali,Orta
South Sherryside,0.191754,16480,Depolama,Yuksek
New Brian,0.274858,16286,Konteyner Terminali,Dusuk
Millertown,-0.100916,12742,Bosaltma,Dusuk
Matthewport,-0.016433,40453,Yukleme,Orta
Tylerbury,0.253568,32634,Yukleme,Yuksek
Daltonton,-0.215618,24206,Depolama,Yuksek
East Andrew,0.194493,46755,Yukleme,Yuksek
West Stephen,0.150352,49607,Depolama,Dusuk
Evansfurt,0.193557,47983,Konteyner Terminali,Yuksek
West Jamie,0.356169,14240,Yukleme,Dusuk
Sarahtown,-0.116891,18991,Yukleme,Dusuk
Melissashire,0.420912,40114,Depolama,Orta
Fisherside,-0.419085,38553,Depolama,Dusuk
South Tamarafort,-0.279726,40078,Depolama,Yuksek
New Chelseaton,-0.166889,40828,Bosaltma,Orta
East Andrea,0.088750,30739,Depolama,Orta
South Timothy,0.357757,45127,Bosaltma,Dusuk
New Susanchester,-0.129396,29920,Bosaltma,Dusuk
Charlesfurt,-0.097638,42352,Yukleme,Yuksek
Robinland,0.239246,9036,Depolama,Dusuk
Hoganberg,-0.102519,35175,Yukleme,Orta
Stevenfort,-0.336258,7708,Bosaltma,Yuksek
Davidchester,0.461989,41117,Yukleme,Dusuk
Gibbston,-0.108487,13731,Konteyner Terminali,Orta
Johnfort,-0.438676,47707,Depolama,Dusuk
New Ashleyshire,0.482324,3746,Konteyner Terminali,Orta
New Brianaville,0.386627,44069,Bosaltma,Dusuk
West Lisaland,0.214070,11824,Bosaltma,Orta
Georgestad,-0.310157,23058,Yukleme,Yuksek
Christinafort,0.493447,17068,Konteyner Terminali,Dusuk
Hoovertown,-0.479754,8060,Bosaltma,Orta
Andersonmouth,-0.069728,22902,Bosaltma,Orta
Nicolemouth,-0.235900,46779,Yukleme,Dusuk
Phillipsburgh,-0.081383,1865,Bosaltma,Yuksek
South Gabrielborough,0.086941,7468,Depolama,Orta
North Gabrielview,0.478906,8988,Konteyner Terminali,Dusuk
Mcleanstad,0.037940,33741,Yukleme,Dusuk
Garciaville,-0.327442,43157,Yukleme,Dusuk
Baileyhaven,0.365911,11116,Konteyner Terminali,Yuksek
Acostaside,-0.411908,32566,Yukleme,Orta
South Jessicafurt,-0.220739,40370,Depolama,Orta
New Kylefort,-0.232847,6408,Yukleme,Dusuk
Brendaville,0.080708,43754,Depolama,Orta
Christinebury,-0.491104,15283,Yukleme,Dusuk
Davidbury,-0.227093,26189,Bosaltma,Dusuk
Francisstad,0.363983,33000,Depolama,Orta
Jorgestad,0.077008,17330,Bosaltma,Dusuk
East Heather,-0.066791,5542,Konteyner Terminali,Yuksek
Robleschester,-0.057165,34651,Yukleme,Dusuk
New Evan,-0.180400,14906,Konteyner Terminali,Dusuk
North Margaret,-0.009172,30721,Konteyner Terminali,Orta
North Miguelbury,-0.279376,21230,Bosaltma,Orta
Martinton,0.048791,43391,Depolama,Dusuk
Guerreroland,-0.125504,45498,Depolama,Yuksek
Amandachester,-0.231608,11970,Bosaltma,Yuksek
New Scott,-0.349779,31751,Depolama,Yuksek
Georgemouth,0.409815,39705,Depolama,Yuksek
Amandamouth,-0.419899,3616,Konteyner Terminali,Dusuk
Feliciaton,0.214379,44907,Depolama,Orta
South Kaitlyn,0.290047,31037,Yukleme,Orta
East James,0.239804,8287,Konteyner Terminali,Dusuk
South Johnnytown,-0.213621,30859,Bosaltma,Orta
Brewerfurt,0.366790,40943,Bosaltma,Dusuk
Brittanystad,-0.436156,6443,Konteyner Terminali,Yuksek
South Adamland,0.097571,6726,Depolama,Orta
Joannfort,0.395666,9885,Yukleme,Yuksek
Ashleyshire,-0.452796,49632,Bosaltma,Orta
Wrightton,-0.420718,10068,Bosaltma,Dusuk
East Shanemouth,-0.322129,34825,Depolama,Orta
East Bradley,-0.229848,32575,Bosaltma,Yuksek
Lake Jennifershire,-0.096697,24224,Yukleme,Yuksek
Johnview,-0.196564,14477,Yukleme,Yuksek
Cantuport,0.286350,8372,Yukleme,Orta
East Christopher,0.066959,21900,Bosaltma,Dusuk
East Cynthiaview,-0.272733,19924,Yukleme,Orta
Sandrahaven,-0.132273,36925,Depolama,Orta
Christinaport,0.397620,35445,Yukleme,Yuksek
Laurenbury,-0.160898,10858,Depolama,Orta
New Shanefurt,0.214889,24593,Yukleme,Yuksek
Tiffanyberg,-0.146743,45487,Bosaltma,Dusuk
North John,-0.020599,31515,Konteyner Terminali,Orta
East Loriburgh,-0.299546,7696,Depolama,Yuksek
Lake Richard,-0.073647,4135,Bosaltma,Orta
Lake Michelemouth,-0.483538,14042,Bosaltma,Dusuk
Obrienport,-0.328321,40377,Bosaltma,Dusuk
Port Gregory,0.329814,7346,Depolama,Yuksek
Kaylafurt,-0.087426,49367,Konteyner Terminali,Orta
East Thomas,-0.094056,38077,Konteyner Terminali,Orta
North Kristintown,-0.477946,32681,Konteyner Terminali,Dusuk
Yvetteberg,0.148471,10401,Yukleme,Dusuk
Phyllisbury,0.370370,41259,Yukleme,Yuksek
Maldonadohaven,-0.394145,42169,Konteyner Terminali,Dusuk
Nicholeberg,0.402292,44823,Bosaltma,Yuksek
Watsonside,-0.379698,36739,Konteyner Terminali,Yuksek
Carrollmouth,0.433183,34966,Depolama,Orta
West Lawrence,0.129527,30406,Depolama,Orta
Jennifermouth,0.131485,24051,Bosaltma,Orta
Henryshire,0.355668,46413,Depolama,Orta
New Christopher,-0.204384,15972,Konteyner Terminali,Dusuk
Lindatown,0.320783,30204,Bosaltma,Orta
Rachaelview,-0.445835,3419,Depolama,Orta
South Anthonybury,-0.201792,19458,Depolama,Orta
Johnsonchester,-0.113559,26987,Bosaltma,Orta
Lake Tasha,0.427735,24664,Yukleme,Dusuk
Charleston,-0.452465,9343,Yukleme,Orta
Ravenmouth,0.489876,28101,Depolama,Dusuk
East Adamton,0.361849,14633,Depolama,Dusuk
Schmidtberg,-0.130930,8278,Konteyner Terminali,Dusuk
Williamsville,0.284877,19840,Yukleme,Dusuk
Michaelberg,0.487478,45330,Yukleme,Dusuk
Obrienhaven,-0.189598,38682,Yukleme,Orta
Port Kevin,0.094689,10232,Depolama,Yuksek
South Keith,-0.484565,32087,Bosaltma,Orta
Lake Garymouth,0.299701,14374,Bosaltma,Orta
South Austin,-0.053972,27509,Bosaltma,Orta
Christophermouth,0.225555,30424,Konteyner Terminali,Dusuk
Port Blake,0.218265,7116,Yukleme,Dusuk
Kennethside,0.187047,11631,Bosaltma,Dusuk
Stephenshire,-0.474317,18039,Konteyner Terminali,Dusuk
North Kimberlybury,0.252361,3481,Yukleme,Dusuk
Natalieport,0.449205,40028,Depolama,Dusuk
East Michaelmouth,0.493662,8421,Bosaltma,Dusuk
Serranoside,0.322251,44760,Konteyner Terminali,Yuksek
Gabrielburgh,0.321346,38734,Depolama,Orta
Port John,-0.229465,41546,Bosaltma,Yuksek
Webbtown,0.231178,16450,Yukleme,Dusuk
South Jacquelinehaven,-0.036546,36023,Bosaltma,Orta
Michaelview,0.139712,36664,Bosaltma,Orta
Hullshire,-0.318648,32040,Depolama,Orta
North Brandonmouth,-0.131571,20760,Yukleme,Orta
Port Crystal,-0.130136,11428,Bosaltma,Dusuk
West Pamela,0.341524,33661,Depolama,Orta
North Carmen,0.160668,10919,Yukleme,Orta
Patrickstad,0.030858,4313,Konteyner Terminali,Dusuk
Davidborough,-0.383412,29939,Bosaltma,Dusuk
Turnermouth,0.331257,23858,Yukleme,Yuksek
Joshuachester,0.164929,17152,Yukleme,Dusuk
South Davidmouth,-0.446838,27044,Konteyner Terminali,Orta
West Andrew,-0.460770,40026,Konteyner Terminali,Dusuk
Sarahborough,0.444426,26827,Konteyner Terminali,Orta
Lake Paul,0.443968,26091,Konteyner Terminali,Orta
West Jenniferberg,-0.225893,33480,Konteyner Terminali,Dusuk
North Tiffanyborough,0.178725,34761,Konteyner Terminali,Orta
Hallchester,0.299498,1086,Konteyner Terminali,Dusuk
West Valerie,0.268187,19596,Bosaltma,Orta
Kimberlyhaven,-0.065947,7066,Konteyner Terminali,Orta
Lake Brittany,0.189266,8056,Depolama,Yuksek
Wrightburgh,0.167883,1296,Yukleme,Dusuk
Port Shannonland,0.404639,7618,Yukleme,Orta
Port Brian,0.257775,9671,Yukleme,Yuksek
Larryfort,-0.022818,38297,Konteyner Terminali,Orta
Melissaville,-0.042461,28857,Bosaltma,Orta
Smithstad,-0.112284,3130,Bosaltma,Dusuk
North Deanberg,0.438499,32234,Bosaltma,Dusuk
East Thomasborough,0.240330,4025,Yukleme,Dusuk
New Theresafort,0.438048,7867,Bosaltma,Yuksek
East Katherinefurt,0.063575,4491,Konteyner Terminali,Yuksek
West Haleyport,-0.257831,2298,Depolama,Dusuk
Danielview,-0.238815,45505,Depolama,Orta
New Kristenmouth,-0.191109,19752,Bosaltma,Orta
West Bethany,-0.149998,31959,Konteyner Terminali,Orta
West Susan,0.116380,18220,Konteyner Terminali,Yuksek
Johnland,-0.124164,39323,Yukleme,Orta
West Lisabury,-0.158354,8853,Depolama,Dusuk
Wesleymouth,-0.432918,45687,Depolama,Orta
Tammyfurt,0.336531,2326,Yukleme,Yuksek
West Loriborough,-0.307902,28022,Yukleme,Dusuk
Jennifermouth,0.239778,5604,Depolama,Yuksek
Shirleyfurt,-0.204463,30655,Depolama,Orta
Smithmouth,-0.462912,45502,Konteyner Terminali,Orta
West Jamesberg,0.228903,3719,Yukleme,Yuksek
New Erica,-0.454646,18540,Konteyner Terminali,Yuksek
East Derrickfurt,-0.106626,43202,Bosaltma,Orta
Jimmyside,-0.018841,42607,Yukleme,Orta
Zimmermantown,0.084344,25399,Bosaltma,Orta
Timothyfort,0.300059,24964,Yukleme,Yuksek
Fordside,0.206793,13146,Bosaltma,Orta
Scottside,0.080597,26821,Depolama,Orta
Lake Veronicamouth,0.008645,12577,Konteyner Terminali,Orta
Jacobview,-0.430413,48849,Depolama,Dusuk
Brandyview,-0.225271,47548,Yukleme,Orta
Michelleville,-0.430213,11770,Konteyner Terminali,Orta
Erinborough,-0.300413,3509,Depolama,Orta
South Valerie,0.229021,37824,Bosaltma,Orta
Stewarttown,-0.299815,38181,Depolama,Yuksek
Mollyland,0.159470,49762,Depolama,Yuksek
North Scott,0.268534,29098,Bosaltma,Yuksek
Michaelport,0.229927,15274,Bosaltma,Yuksek
South Jane,0.481348,46951,Depolama,Dusuk
North Nathan,-0.458152,49486,Depolama,Dusuk
Taylorton,-0.372603,35384,Konteyner Terminali,Orta
Julieville,-0.374958,18642,Bosaltma,Dusuk
Hufftown,-0.025391,44433,Yukleme,Yuksek
North Jessicaborough,0.079868,16431,Depolama,Dusuk
Gonzalezstad,-0.207254,13392,Depolama,Dusuk
Erinland,0.306344,19974,Yukleme,Orta
Royshire,0.056111,8571,Konteyner Terminali,Dusuk
North Cynthiafurt,-0.052815,35662,Yukleme,Yuksek
Port Jason,0.036868,17606,Konteyner Terminali,Dusuk
New Michael,0.233353,40517,Yukleme,Yuksek
South Theresa,0.268507,22126,Konteyner Terminali,Yuksek
East Alexberg,-0.124934,2685,Bosaltma,Yuksek
South Krista,0.369628,36001,Depolama,Dusuk
New Melissa,0.328999,7872,Depolama,Yuksek
Adammouth,0.387595,21479,Depolama,Orta
Charlesmouth,0.397929,47981,Yukleme,Yuksek
Curtisburgh,0.476029,39664,Yukleme,Orta
South Melissaborough,0.360089,1705,Konteyner Terminali,Orta
South Danielletown,0.185897,17951,Depolama,Dusuk
North Yvonnebury,0.261283,24794,Bosaltma,Dusuk
Hudsonbury,-0.234521,27768,Depolama,Orta
South Tina,0.004773,9616,Bosaltma,Yuksek
North Jason,-0.013731,34064,Yukleme,Orta
New Rachelland,-0.444227,7527,Depolama,Yuksek
Lake Marktown,0.250246,6977,Depolama,Yuksek
East Kimberlymouth,0.093325,49575,Depolama,Orta
East Cheyenne,0.295949,29230,Bosaltma,Yuksek
Lake Sandrafort,0.471324,27663,Konteyner Terminali,Yuksek
Port Abigailfort,-0.242698,48439,Depolama,Dusuk
Russellside,-0.010710,19475,Yukleme,Yuksek
Dixontown,-0.100536,11377,Bosaltma,Dusuk
North Elizabethport,-0.425954,6323,Bosaltma,Yuksek
East Jasonberg,0.415641,4821,Konteyner Terminali,Yuksek
Josephhaven,0.115582,25075,Konteyner Terminali,Dusuk
East Justinview,0.046303,3667,Konteyner Terminali,Yuksek
Lake Michelle,-0.144974,41725,Yukleme,Dusuk
Fredburgh,0.346941,43754,Bosaltma,Orta
South Nathanhaven,-0.054564,40837,Depolama,Yuksek
Rojasmouth,0.494889,46182,Konteyner Terminali,Orta
Kramerview,-0.438417,35856,Depolama,Dusuk
Davisberg,-0.260501,3539,Yukleme,Dusuk
North Brittany,0.175427,2134,Konteyner Terminali,Orta
Andreaside,0.413399,43800,Konteyner Terminali,Yuksek
Lake Williamland,-0.324132,17175,Bosaltma,Yuksek
Alyssamouth,-0.225646,44986,Yukleme,Dusuk
Port Thomasmouth,-0.438327,37289,Depolama,Dusuk
Jefferystad,-0.353539,20052,Bosaltma,Yuksek
Rachelstad,0.229027,49447,Yukleme,Yuksek
West Jenniferburgh,0.071804,13774,Konteyner Terminali,Dusuk
East Victoriaside,0.310134,41585,Depolama,Yuksek
Arnoldland,0.114399,7210,Yukleme,Yuksek
Thomasside,-0.405681,36440,Yukleme,Dusuk
East Jeanetteport,-0.267255,49270,Depolama,Orta
Theresashire,0.377137,40238,Yukleme,Orta
Kathleenfort,-0.475624,24737,Yukleme,Orta
Port Michael,0.497031,8084,Depolama,Orta
Matthewview,-0.271275,40258,Konteyner Terminali,Dusuk
Heatherside,-0.363202,17764,Bosaltma,Orta
Stevensonville,0.288279,41838,Depolama,Dusuk
South Jeremychester,0.392713,28007,Bosaltma,Yuksek
Micheleborough,-0.150666,25661,Yukleme,Yuksek
Port Jenny,0.348371,7015,Depolama,Dusuk
East Stacyville,-0.282097,6201,Konteyner Terminali,Orta
Rileyton,0.398636,48473,Bosaltma,Yuksek
South Kaylaport,0.184036,10038,Yukleme,Orta
Lake Derek,0.300703,17692,Konteyner Terminali,Yuksek
North Amandaborough,-0.037474,37378,Konteyner Terminali,Yuksek
Harrisonshire,-0.310359,14187,Yukleme,Orta
Port Susanland,-0.130105,47944,Yukleme,Dusuk
Myersview,0.424338,30745,Konteyner Terminali,Yuksek
West Austin,0.130146,21774,Konteyner Terminali,Orta
East Benjaminmouth,0.479477,48465,Depolama,Yuksek
Pittmanstad,0.275161,4591,Yukleme,Yuksek
Allisonfurt,0.409636,41124,Depolama,Orta
Robertton,-0.441434,20868,Konteyner Terminali,Yuksek
Taylorside,-0.470423,11029,Depolama,Orta
Janetside,-0.394648,48758,Bosaltma,Orta
North George,-0.206044,42432,Bosaltma,Dusuk
East Emily,-0.319642,39246,Depolama,Dusuk
Joshuachester,-0.149639,5500,Depolama,Yuksek
Bradshawhaven,-0.145737,2183,Yukleme,Dusuk
Figueroachester,0.070974,17404,Yukleme,Dusuk
East Tonyberg,-0.322089,14539,Yukleme,Orta
Haysbury,-0.199128,2736,Bosaltma,Dusuk
Lake Dana,0.041350,11011,Depolama,Yuksek
Cherylbury,0.499011,21875,Yukleme,Dusuk
Jameshaven,0.079114,40604,Bosaltma,Orta
Mirandaton,-0.172815,18993,Konteyner Terminali,Yuksek
Lake Natalieview,0.011405,37096,Konteyner Terminali,Orta
Hayleyland,0.220318,21371,Yukleme,Dusuk
Grahamborough,0.190439,27278,Bosaltma,Dusuk
Lake Tammyview,-0.466684,8527,Depolama,Yuksek
Santosfurt,-0.212533,2866,Konteyner Terminali,Orta
South Vincentburgh,-0.283452,7292,Bosaltma,Dusuk
Jonathanfort,-0.096980,5153,Konteyner Terminali,Yuksek
Port Jeremy,0.199656,10097,Depolama,Yuksek
Nancyfurt,-0.047242,49862,Konteyner Terminali,Orta
Williamsfurt,0.366298,46239,Bosaltma,Yuksek
Harrisonport,-0.260759,8465,Depolama,Yuksek
New Rebeccafurt,-0.195140,22359,Yukleme,Dusuk
Johnburgh,0.183615,14853,Yukleme,Dusuk
Doyleport,-0.267605,26681,Bosaltma,Orta
Lake Kimberlyshire,-0.337352,4470,Bosaltma,Yuksek
West Brianhaven,0.269307,27955,Yukleme,Dusuk
Johnburgh,-0.464260,37391,Konteyner Terminali,Dusuk
Lake Brianna,-0.147609,21045,Bosaltma,Orta
Kimberlyfurt,0.298177,28223,Bosaltma,Orta
Port Michael,0.439608,16829,Konteyner Terminali,Yuksek
Port Ryan,-0.032178,45797,Yukleme,Yuksek
Beckborough,0.161443,14788,Yukleme,Yuksek
Marshallborough,-0.059042,7307,Konteyner Terminali,Yuksek
Mitchellside,-0.389363,1646,Bosaltma,Orta
South Nicholas,-0.424774,37773,Yukleme,Yuksek
South Ryan,0.045660,6594,Depolama,Orta
South Kyle,-0.363194,31284,Bosaltma,Yuksek
Holmesbury,-0.409507,17787,Depolama,Dusuk
East Charles,-0.438558,44830,Depolama,Orta
Ryanmouth,-0.380924,7712,Depolama,Dusuk
North Jeffrey,0.023874,42962,Konteyner Terminali,Yuksek
Lawsonfort,0.446956,39546,Konteyner Terminali,Orta
Sharonville,-0.068104,21537,Depolama,Orta
Cobbstad,-0.009879,11617,Yukleme,Dusuk
East Michael,0.188002,36185,Yukleme,Orta
Allenshire,-0.406923,15822,Bosaltma,Yuksek
Youngburgh,0.407868,4388,Konteyner Terminali,Dusuk
Samanthafort,-0.181869,10915,Depolama,Dusuk
Lake Jessicafort,-0.438586,31320,Bosaltma,Orta
Valeriestad,0.088445,33736,Depolama,Dusuk
South Peter,-0.139125,30804,Bosaltma,Orta
East Danielle,0.178847,42315,Bosaltma,Dusuk
Terrystad,-0.427051,6280,Yukleme,Yuksek
Anitatown,0.238249,33617,Konteyner Terminali,Dusuk
Ashleyton,-0.212106,34498,Bosaltma,Orta
Josephburgh,-0.263954,15639,Bosaltma,Orta
Jasonfort,0.066919,32555,Yukleme,Yuksek
Yuchester,-0.442282,40916,Yukleme,Orta
Heatherstad,-0.101743,36193,Bosaltma,Dusuk
Port Donaldtown,0.057707,9132,Yukleme,Dusuk
Keithmouth,-0.112319,15457,Bosaltma,Dusuk
Davistown,-0.133167,22547,Bosaltma,Yuksek
Elizabethbury,-0.143485,28763,Bosaltma,Yuksek
Rowefurt,-0.150929,23477,Depolama,Yuksek
Jonesville,0.079426,33245,Depolama,Yuksek
Port Kristina,-0.469161,19122,Depolama,Orta
Port Michaelstad,-0.249982,39266,Konteyner Terminali,Orta
Glennmouth,-0.141115,30234,Depolama,Dusuk
Johnsontown,0.049767,36874,Yukleme,Orta
Davidberg,0.481042,11131,Bosaltma,Orta
Smithview,0.080229,7595,Konteyner Terminali,Orta
Kingfurt,-0.271686,38169,Depolama,Dusuk
East Tammy,0.110672,35699,Depolama,Yuksek
Alexisside,-0.256569,24359,Bosaltma,Yuksek
Robertland,0.015777,3124,Konteyner Terminali,Orta
Maryton,-0.389834,23977,Konteyner Terminali,Orta
Josephhaven,-0.437851,8488,Yukleme,Dusuk
Jeffbury,-0.086586,17003,Bosaltma,Dusuk
New Jamesmouth,-0.042511,31919,Depolama,Yuksek
New Blake,-0.103868,41270,Konteyner Terminali,Orta
Schultzberg,-0.181916,39032,Konteyner Terminali,Yuksek
Cookside,-0.102159,44718,Konteyner Terminali,Dusuk
Lake Laurenstad,-0.456926,35145,Yukleme,Dusuk
North Eugeneshire,0.367814,37832,Bosaltma,Yuksek
New Rebecca,-0.178404,48711,Yukleme,Yuksek
Marytown,0.167816,43468,Bosaltma,Orta
Williamchester,0.476514,49151,Bosaltma,Orta
Mcconnellhaven,-0.086147,33809,Yukleme,Dusuk
Dawsonchester,0.255096,6869,Yukleme,Dusuk
South Timothyton,-0.482579,36832,Konteyner Terminali,Yuksek
Gibsontown,-0.456917,30482,Depolama,Dusuk
Haroldchester,-0.105055,30245,Depolama,Orta
New Jaybury,0.043542,31048,Yukleme,Orta
South Shelby,-0.283776,23812,Yukleme,Yuksek
North Jamesburgh,0.215090,16690,Bosaltma,Dusuk
North William,-0.333481,29696,Yukleme,Dusuk
Lake Kimberly,-0.444608,8149,Yukleme,Orta
South Derekville,0.123659,1775,Bosaltma,Dusuk
Parkermouth,0.411542,45393,Konteyner Terminali,Yuksek
Frederickchester,-0.410795,18077,Yukleme,Orta
Simpsonberg,0.360218,26330,Konteyner Terminali,Orta
Thompsonburgh,0.462351,35772,Yukleme,Dusuk
Shawnville,-0.062108,49600,Konteyner Terminali,Dusuk
West Tiffanyfurt,-0.053155,14144,Konteyner Terminali,Dusuk
Sarahstad,0.420838,17530,Bosaltma,Dusuk
Jonathanhaven,0.257176,25518,Depolama,Dusuk
Tammytown,0.265947,20390,Yukleme,Dusuk
New Reginastad,0.389790,1545,Konteyner Terminali,Yuksek
New Elizabethmouth,-0.120700,12979,Bosaltma,Orta
Doughertyview,-0.285790,2679,Yukleme,Yuksek
South Charlesmouth,0.493108,48694,Bosaltma,Dusuk
New Dawn,-0.206240,20969,Depolama,Dusuk
Paultown,0.216168,14331,Bosaltma,Dusuk
Morrisontown,-0.318042,14123,Yukleme,Yuksek
West Laura,0.133208,24524,Yukleme,Dusuk
North Michele,-0.091744,26318,Yukleme,Orta
Port Nicole,0.176409,40845,Depolama,Orta
Flemingmouth,-0.298619,1183,Bosaltma,Dusuk
East Charles,0.144223,27932,Depolama,Yuksek
Morganberg,-0.360226,18482,Yukleme,Yuksek
Martinezmouth,-0.321368,39206,Bosaltma,Dusuk
Christopherborough,-0.343697,10154,Konteyner Terminali,Yuksek
Paulchester,-0.465929,29751,Depolama,Dusuk
East Matthew,0.417310,38384,Bosaltma,Dusuk
East Keith,0.092776,47332,Bosaltma,Orta
Kinghaven,0.315832,47441,Yukleme,Dusuk
Smithfort,0.463060,13278,Bosaltma,Yuksek
Port Gabriel,0.342289,47110,Depolama,Orta
East Tonya,-0.253695,17958,Depolama,Dusuk
East Edwardfurt,0.377823,39930,Bosaltma,Orta
Huertaside,-0.050671,22719,Depolama,Yuksek
North Alexiston,0.420286,16195,Bosaltma,Yuksek
Clintonfort,0.097813,14747,Depolama,Yuksek
East Jeremy,0.202100,23342,Yukleme,Dusuk
Johnshire,0.110274,22170,Depolama,Dusuk
South Matthew,-0.265769,31237,Yukleme,Dusuk
New Pamela,0.226410,42943,Yukleme,Orta
West Karen,0.341233,16985,Depolama,Orta
Kingshire,-0.151657,15985,Depolama,Orta
Connieton,-0.353442,16589,Bosaltma,Dusuk
North Matthew,0.019025,44581,Depolama,Yuksek
Thomasfort,-0.064341,9536,Yukleme,Orta
Jonesborough,0.040964,36371,Konteyner Terminali,Yuksek
Peckfort,-0.147000,39170,Yukleme,Dusuk
Kramerstad,0.416357,17360,Bosaltma,Yuksek
Lake Sarahshire,0.187506,42849,Konteyner Terminali,Dusuk
North Danielletown,-0.332185,44264,Konteyner Terminali,Orta
Christyton,-0.055694,45664,Bosaltma,Yuksek
Thomaschester,0.140300,24050,Yukleme,Orta
Natashaland,0.318259,9891,Konteyner Terminali,Dusuk
South Paul,-0.283872,18048,Bosaltma,Orta
Lake Jenniferborough,-0.021935,22559,Bosaltma,Yuksek
Peggyburgh,-0.311027,4153,Yukleme,Dusuk
East Samantha,0.094527,33163,Yukleme,Dusuk
North Tara,0.315552,4017,Bosaltma,Yuksek
North Charleston,0.233087,15893,Bosaltma,Orta
South Melissa,0.412793,20659,Depolama,Orta
Richardberg,-0.065633,49676,Yukleme,Orta
East Danielleton,0.154327,45626,Depolama,Dusuk
Port Shawnborough,-0.463438,20615,Bosaltma,Dusuk
New Veronicaberg,0.218231,21255,Yukleme,Dusuk
Payneside,0.312211,23034,Bosaltma,Orta
Malikfurt,-0.117752,19779,Depolama,Orta
North Matthew,-0.135523,44884,Depolama,Orta
New Markmouth,-0.176286,16734,Konteyner Terminali,Orta
New Melissa,0.010143,18216,Depolama,Dusuk
Mullenside,-0.334398,11337,Depolama,Dusuk
Kellystad,-0.430469,42596,Bosaltma,Orta
Chambersborough,0.332170,46751,Depolama,Orta
Lake Brittanyton,-0.301464,46625,Depolama,Dusuk
Oconnellland,0.045891,40486,Bosaltma,Yuksek
Damonton,0.092766,8024,Depolama,Orta
Lake Rachel,0.393947,2757,Konteyner Terminali,Yuksek
Ronaldmouth,0.380055,8735,Yukleme,Dusuk
West Cameron,0.358976,19111,Bosaltma,Dusuk
Lake Danielside,0.465081,34655,Bosaltma,Yuksek
New Melvin,0.162003,36395,Bosaltma,Yuksek
Lake Kylemouth,0.353275,30321,Depolama,Yuksek
West Robinshire,0.489468,42186,Yukleme,Dusuk
Lynnberg,0.092508,14691,Depolama,Orta
Kruegerburgh,-0.335334,16453,Depolama,Yuksek
Kennedystad,-0.132485,49094,Yukleme,Yuksek
West Ryanland,-0.061006,31461,Bosaltma,Dusuk
Rebeccachester,0.375094,22339,Bosaltma,Orta
South Andrew,-0.257534,21556,Yukleme,Orta
Kellyhaven,-0.133945,32999,Bosaltma,Yuksek
West Brianville,0.249428,26667,Yukleme,Yuksek
New Jacob,0.217279,47860,Bosaltma,Yuksek
North Danielland,0.367627,33572,Bosaltma,Dusuk
Espinozashire,0.274068,8980,Depolama,Yuksek
Annshire,0.280517,38942,Yukleme,Yuksek
West William,0.395722,6594,Bosaltma,Yuksek
South Leslie,0.325921,28379,Bosaltma,Yuksek
Shannonhaven,0.098889,15731,Konteyner Terminali,Orta
Matthewfort,-0.262383,38411,Yukleme,Yuksek
Richardberg,0.029379,49253,Bosaltma,Orta
Mariaberg,-0.311486,16966,Bosaltma,Dusuk
South Mary,-0.397503,32087,Depolama,Yuksek
North Nicholas,0.034428,38951,Bosaltma,Dusuk
Myersport,0.370369,36773,Bosaltma,Dusuk
Lake Christina,0.090441,49793,Bosaltma,Dusuk
Kristibury,-0.188536,42850,Konteyner Terminali,Orta
Jaclynland,-0.292782,32602,Yukleme,Yuksek
Byrdchester,-0.108310,45971,Konteyner Terminali,Yuksek
Lake Alexistown,0.266082,29792,Bosaltma,Dusuk
South John,0.167678,35311,Bosaltma,Dusuk
North Anthony,-0.403044,11009,Konteyner Terminali,Yuksek
Jenniferport,0.374916,44909,Bosaltma,Dusuk
Millerton,0.220353,45813,Bosaltma,Dusuk
Gonzalezmouth,0.012144,10116,Konteyner Terminali,Dusuk
Collinsberg,0.388588,5521,Bosaltma,Yuksek
North Sethborough,-0.081255,15625,Depolama,Yuksek
Howellberg,0.069013,44752,Bosaltma,Orta
Ryanfort,0.219694,20606,Bosaltma,Yuksek
Lake Maryville,-0.100428,47346,Konteyner Terminali,Dusuk
South Christian,-0.087567,8916,Bosaltma,Yuksek
East Tamaraville,0.486707,42088,Bosaltma,Yuksek
Jacobchester,-0.142348,31492,Yukleme,Orta
West Victorialand,0.367839,33168,Depolama,Yuksek
Henryfort,-0.205716,37346,Konteyner Terminali,Yuksek
New Carlos,-0.094133,4961,Bosaltma,Orta
Port Kayla,0.425819,34410,Konteyner Terminali,Orta
Guerrerotown,0.446680,5374,Bosaltma,Dusuk
Clarketon,-0.260153,8552,Bosaltma,Dusuk
Tammychester,0.134816,28549,Konteyner Terminali,Yuksek
New Jill,0.107556,41096,Bosaltma,Dusuk
Hansonborough,0.295065,12254,Yukleme,Orta
Marystad,0.408151,27298,Yukleme,Orta
Pattersonburgh,0.070491,31105,Depolama,Yuksek
Ashleymouth,0.374277,25676,Yukleme,Yuksek
Morrisonton,0.482301,46551,Depolama,Orta
West Sandra,-0.209024,32833,Bosaltma,Yuksek
Lake Sarafurt,0.417135,36349,Bosaltma,Orta
Lake Suetown,-0.232543,12603,Konteyner Terminali,Yuksek
Port Donald,0.411182,4767,Konteyner Terminali,Orta
West Austinburgh,0.248917,7294,Konteyner Terminali,Orta
New Ashley,-0.106441,36874,Depolama,Yuksek
Riosmouth,0.164890,24123,Depolama,Yuksek
Hernandezchester,0.076119,26866,Depolama,Yuksek
Butlerton,0.368070,12253,Bosaltma,Yuksek
East James,-0.252997,45141,Depolama,Dusuk
West Tylertown,0.434182,11685,Konteyner Terminali,Yuksek
Port Morganchester,-0.221400,46875,Depolama,Dusuk
East Jennifer,0.161042,45313,Konteyner Terminali,Dusuk
East Terri,0.129722,30609,Konteyner Terminali,Dusuk
Bennettville,0.275891,4662,Bosaltma,Yuksek
West Raymondtown,0.294448,5580,Yukleme,Dusuk
Hawkinsview,-0.081819,35011,Depolama,Orta
Barnetthaven,-0.197073,19362,Konteyner Terminali,Orta
Andrewberg,0.016818,40271,Bosaltma,Orta
Jeffreyview,-0.059297,34107,Yukleme,Dusuk
Gonzalezmouth,0.453134,30379,Bosaltma,Yuksek
Lake Christopherbury,0.156166,45142,Konteyner Terminali,Yuksek
Buckstad,-0.421926,10009,Yukleme,Orta
Curtisfurt,0.488773,31365,Konteyner Terminali,Dusuk
Shellyborough,0.004492,4542,Depolama,Yuksek
North Johnny,0.097277,16976,Bosaltma,Yuksek
Johnnyshire,-0.180980,15993,Bosaltma,Orta
Powersview,0.313467,8737,Depolama,Dusuk
Rogersshire,-0.012471,44715,Depolama,Orta
Joshuaton,-0.422566,39151,Konteyner Terminali,Orta
Port Mary,-0.431979,23660,Konteyner Terminali,Orta
Feliciaburgh,0.113684,30110,Konteyner Terminali,Yuksek
East Tracyburgh,0.171318,20102,Konteyner Terminali,Yuksek
Smithchester,0.348818,24264,Konteyner Terminali,Dusuk
South Rachelchester,-0.282084,26275,Depolama,Yuksek
Port Shaun,0.404287,14158,Konteyner Terminali,Dusuk
Spencerton,0.229376,43729,Yukleme,Yuksek
Welchview,-0.273517,30937,Bosaltma,Dusuk
Ramosmouth,0.092988,37792,Bosaltma,Yuksek
Patriciaborough,0.497851,7772,Bosaltma,Orta
New Thomasport,0.479460,19911,Bosaltma,Yuksek
Lake Victor,-0.413517,29816,Konteyner Terminali,Yuksek
Manuelmouth,0.088821,8626,Bosaltma,Yuksek
South Kristenmouth,-0.162961,6117,Bosaltma,Orta
Patrickshire,0.124254,29471,Konteyner Terminali,Orta
East James,0.477555,42145,Bosaltma,Dusuk
North Alicia,0.401626,20904,Depolama,Orta
Brucemouth,-0.005925,1723,Bosaltma,Dusuk
North Samantha,-0.470241,26784,Depolama,Dusuk
Ibarrafort,-0.354950,4870,Yukleme,Yuksek
New Christophermouth,0.137683,13250,Yukleme,Dusuk
South Ann,0.114512,35098,Yukleme,Orta
New Ronald,0.171788,32528,Yukleme,Yuksek
Brooksville,-0.022346,15890,Yukleme,Orta
Maryborough,-0.142362,26109,Depolama,Yuksek
Julieburgh,0.006818,1470,Bosaltma,Orta
East Jacquelinechester,0.278618,16532,Depolama,Dusuk
Johnton,0.396086,34248,Depolama,Orta
Port Robert,-0.418838,32205,Depolama,Dusuk
Marquezland,-0.238130,39738,Konteyner Terminali,Orta
New Philip,-0.478773,11813,Depolama,Dusuk
South Jenniferbury,0.053255,19960,Bosaltma,Yuksek
West Jesseberg,0.025174,16324,Yukleme,Yuksek
New Julieton,0.382251,19742,Konteyner Terminali,Orta
Hillfurt,-0.031170,24878,Konteyner Terminali,Yuksek
Herrerabury,-0.150123,20888,Depolama,Dusuk
Turnershire,0.218633,2832,Bosaltma,Orta
West James,-0.298982,7416,Bosaltma,Orta
Carrieside,-0.259045,12371,Depolama,Orta
Williamsbury,0.404048,15191,Depolama,Orta
Suzannemouth,-0.037008,34903,Konteyner Terminali,Dusuk
Catherineborough,-0.374759,39434,Yukleme,Orta
East Diana,0.428367,47676,Yukleme,Dusuk
Sarahfort,0.252060,39038,Yukleme,Dusuk
Seanport,-0.129088,42558,Konteyner Terminali,Dusuk
Johnsonchester,0.261658,2336,Bosaltma,Orta
Thomasland,-0.448840,47612,Bosaltma,Yuksek
South Phillipberg,0.019502,43338,Bosaltma,Dusuk
South Annashire,-0.182163,43971,Konteyner Terminali,Dusuk
South Linda,-0.148963,46259,Konteyner Terminali,Orta
Wilsonbury,-0.058653,3139,Konteyner Terminali,Orta
Chadhaven,-0.428548,9973,Bosaltma,Orta
Connerport,-0.197659,18306,Yukleme,Yuksek
North Jasminebury,-0.383885,22336,Konteyner Terminali,Orta
Sarashire,-0.248820,44907,Depolama,Dusuk
Walkerhaven,-0.416330,38051,Bosaltma,Yuksek
Lake Kristin,-0.385616,28401,Depolama,Yuksek
Port Sue,0.123038,40711,Depolama,Yuksek
North Stephanieview,0.229968,39815,Depolama,Yuksek
South Kennethview,0.242765,1294,Konteyner Terminali,Dusuk
Bennettfurt,0.484440,36617,Konteyner Terminali,Yuksek
Andersonhaven,0.495293,32760,Konteyner Terminali,Yuksek
Henrybury,-0.143145,21610,Bosaltma,Dusuk
West Eugeneton,-0.079865,49149,Depolama,Orta
Lisaburgh,-0.193179,43167,Yukleme,Dusuk
Kimberlyview,0.482170,5389,Konteyner Terminali,Dusuk
Lancechester,-0.023372,45672,Bosaltma,Dusuk
New Lydiashire,-0.042109,34202,Yukleme,Orta
North Stephen,-0.153572,45960,Yukleme,Orta
New Daniellestad,-0.395376,44139,Konteyner Terminali,Dusuk
East Robert,-0.468750,11165,Konteyner Terminali,Yuksek
Baileyshire,0.220361,48467,Depolama,Yuksek
Mclaughlinshire,0.011490,28431,Konteyner Terminali,Yuksek
Erikchester,0.057812,8270,Konteyner Terminali,Dusuk
Port Toniborough,0.114308,46775,Konteyner Terminali,Orta
Leonardchester,0.173770,25246,Konteyner Terminali,Orta
Port Terri,0.014647,2534,Konteyner Terminali,Dusuk
West Evanbury,0.492853,49771,Yukleme,Dusuk
Aprilville,-0.336791,12213,Bosaltma,Dusuk
Port Robert,0.266127,1331,Depolama,Dusuk
South Tammyville,-0.476942,38440,Depolama,Dusuk
West Adam,-0.124629,49057,Yukleme,Dusuk
Michaelshire,-0.163340,27178,Yukleme,Dusuk
Suzannechester,-0.437507,18163,Konteyner Terminali,Dusuk
East Kimberly,0.335798,32705,Bosaltma,Dusuk
Port Jesus,-0.328299,45009,Yukleme,Yuksek
Lake Spencer,0.444588,25087,Bosaltma,Dusuk
Lake Gregory,-0.272166,20702,Depolama,Yuksek
Berryside,-0.289422,39049,Depolama,Orta
Andrewton,-0.379501,46852,Bosaltma,Dusuk
East Jenna,-0.451580,9875,Bosaltma,Dusuk
Port Justin,0.168144,49500,Bosaltma,Yuksek
Aaronbury,0.224868,16844,Depolama,Dusuk
South Katie,0.331490,40738,Bosaltma,Dusuk
Velazquezmouth,0.086805,17709,Bosaltma,Yuksek
North Sonya,0.085971,29022,Bosaltma,Dusuk
West Scotthaven,0.365792,7465,Yukleme,Dusuk
New Zachary,-0.395155,30509,Konteyner Terminali,Orta
New Lynnberg,0.101621,36754,Bosaltma,Yuksek
Christianhaven,-0.411789,8867,Konteyner Terminali,Yuksek
Davidville,-0.290758,8648,Konteyner Terminali,Dusuk
East Stephanie,0.320438,32848,Bosaltma,Dusuk
Alexandraville,0.343746,17171,Bosaltma,Orta
East John,-0.086077,19078,Bosaltma,Dusuk
Jamesborough,0.210055,39531,Depolama,Dusuk
New John,-0.352693,15667,Depolama,Dusuk
West Ianmouth,0.090374,10812,Konteyner Terminali,Orta
Joshuafurt,0.236724,44779,Yukleme,Dusuk
Port Vanessahaven,0.303727,6687,Yukleme,Yuksek
Stephenchester,-0.342790,18161,Yukleme,Dusuk
South Brianborough,-0.239078,38198,Depolama,Orta
South Nathan,-0.052358,23338,Konteyner Terminali,Dusuk
Joneshaven,-0.383652,2641,Bosaltma,Dusuk
Port John,0.445988,21467,Depolama,Orta
West Davidmouth,-0.121180,23120,Depolama,Yuksek
Port Victoria,-0.099229,5855,Depolama,Yuksek
North Zacharyton,-0.187810,1194,Yukleme,Yuksek
South Ashley,0.057853,46404,Konteyner Terminali,Dusuk
Port Tylerton,0.408463,2258,Bosaltma,Orta
New Elizabethstad,0.107165,38705,Yukleme,Yuksek
Port Jessica,0.239396,13728,Yukleme,Orta
South Bryanville,-0.207670,31463,Konteyner Terminali,Dusuk
South Mark,0.390933,39547,Yukleme,Yuksek
New Patriciahaven,-0.168533,11497,Konteyner Terminali,Dusuk
Laurenfort,-0.312695,19819,Konteyner Terminali,Orta
Davidside,0.381592,19575,Depolama,Dusuk
Hamiltonport,0.110536,29235,Bosaltma,Yuksek
Waltersside,0.255766,11475,Depolama,Yuksek
East Robin,0.171299,14224,Bosaltma,Orta
Alanstad,-0.312593,43856,Depolama,Orta
Mariaberg,-0.403065,45741,Yukleme,Dusuk
West Christianside,0.268362,38092,Konteyner Terminali,Orta
East Brian,0.390669,27316,Yukleme,Yuksek
Annefurt,-0.162510,35820,Depolama,Dusuk
Port Matthew,0.186475,18786,Depolama,Dusuk
Zamoraville,-0.459626,20491,Depolama,Yuksek
Michaelmouth,-0.331599,32188,Depolama,Yuksek
Emilyborough,0.330301,23502,Bosaltma,Orta
Manuelland,-0.270267,13576,Depolama,Orta
Amandaborough,-0.253821,4492,Depolama,Yuksek
West Jackville,-0.029397,1951,Yukleme,Yuksek
East Deanshire,-0.210417,14567,Depolama,Orta
Johnsonmouth,-0.183896,14716,Konteyner Terminali,Orta
New Jonathan,0.117259,13676,Bosaltma,Dusuk
North Janice,-0.419224,28210,Bosaltma,Dusuk
Brucemouth,0.418929,8106,Yukleme,Yuksek
Williamshire,0.283448,30598,Yukleme,Dusuk
Rubiostad,0.328385,37975,Yukleme,Orta
West Russell,-0.054346,18009,Bosaltma,Yuksek
Patriciaberg,-0.375583,5327,Depolama,Dusuk
Johnsberg,-0.329650,46080,Depolama,Dusuk
North Michelletown,0.334092,14963,Bosaltma,Dusuk
Fullerchester,0.078477,17845,Bosaltma,Yuksek
Martinshire,0.086610,25735,Yukleme,Dusuk
Boyertown,-0.434581,29305,Yukleme,Dusuk
Gonzalezstad,-0.453947,14471,Depolama,Orta
Lynchmouth,-0.137157,20132,Depolama,Orta
Martinezport,0.427462,1959,Konteyner Terminali,Dusuk
Harveychester,0.197387,34755,Bosaltma,Orta
New Patricia,-0.195507,19466,Bosaltma,Orta
Rogersside,-0.009570,23923,Yukleme,Yuksek
Wendyshire,-0.265239,16295,Depolama,Orta
East Lauraview,-0.140108,10624,Bosaltma,Orta
Bryanmouth,-0.344533,37102,Yukleme,Dusuk
North Keithview,0.148297,19367,Bosaltma,Orta
East Amanda,0.236142,1139,Bosaltma,Dusuk
East Tamarafort,0.201185,3507,Yukleme,Orta
Lake Davidstad,-0.337184,30461,Yukleme,Orta
South Brianberg,-0.133923,16579,Depolama,Yuksek
North Charlesville,-0.162065,41038,Yukleme,Dusuk
Port Beckyfurt,-0.414325,42075,Bosaltma,Yuksek
Port Randyhaven,-0.400106,21680,Bosaltma,Orta
Alexandrafort,-0.130150,20927,Bosaltma,Dusuk
South Maria,-0.134295,14780,Yukleme,Yuksek
East Jenniferstad,0.381270,4915,Bosaltma,Yuksek
East Thomas,0.452921,7533,Depolama,Yuksek
Moralesview,0.495845,7186,Bosaltma,Dusuk
Fischerport,0.482339,33611,Yukleme,Yuksek
Hamiltonland,0.497616,8964,Bosaltma,Dusuk
North Haileyburgh,-0.053761,18567,Depolama,Orta
Judithhaven,-0.120640,13841,Bosaltma,Orta
West Shane,-0.243372,44294,Konteyner Terminali,Dusuk
Bowenview,0.279941,30851,Yukleme,Yuksek
Cooperfort,-0.480495,32796,Bosaltma,Yuksek
Hayesshire,-0.232365,25556,Konteyner Terminali,Dusuk
Longchester,-0.181571,36034,Depolama,Yuksek
Lake Nicolefort,-0.378875,1744,Depolama,Dusuk
Brianborough,0.108228,37184,Depolama,Yuksek
Josephmouth,-0.196391,25551,Yukleme,Dusuk
Smithchester,-0.077467,48111,Bosaltma,Orta
Audreymouth,-0.008676,32556,Depolama,Dusuk
South Edwardmouth,-0.287612,32122,Konteyner Terminali,Dusuk
Kimberlyborough,0.213986,8410,Depolama,Dusuk
Dustinville,0.310631,22213,Bosaltma,Orta
South Todd,0.060724,35486,Bosaltma,Orta
East Martha,0.269871,7948,Yukleme,Yuksek
West Johnburgh,0.283575,25983,Konteyner Terminali,Yuksek
Port Megan,-0.399920,6958,Yukleme,Yuksek
Stephanieberg,-0.062789,41042,Yukleme,Dusuk
North Emilyville,-0.363693,26706,Yukleme,Yuksek
Maciasside,-0.165168,4498,Depolama,Dusuk
Michaelside,-0.100238,18954,Yukleme,Orta
West Dustinstad,-0.401202,48108,Depolama,Dusuk
Port Diane,0.168072,26284,Konteyner Terminali,Dusuk
Calebville,0.175244,38425,Bosaltma,Yuksek
Port Stacy,-0.055940,11427,Konteyner Terminali,Dusuk
Donnashire,0.499361,22593,Konteyner Terminali,Yuksek
North Jenniferburgh,0.091305,27603,Yukleme,Dusuk
Jaimebury,-0.432674,15970,Yukleme,Yuksek
East Tyler,-0.298667,31587,Bosaltma,Yuksek
Johnsonstad,0.481712,3042,Bosaltma,Orta
Hernandezhaven,0.197990,44015,Bosaltma,Orta
Port Davidbury,0.121610,6822,Depolama,Dusuk
Hectorfort,-0.013746,10507,Depolama,Yuksek
Wallacemouth,0.007428,40896,Yukleme,Dusuk
South Judychester,-0.165836,9435,Bosaltma,Dusuk
East Ashleeland,0.213681,30899,Konteyner Terminali,Orta
West Courtneytown,-0.406404,24932,Konteyner Terminali,Orta
Crystalshire,-0.423122,10495,Depolama,Orta
South Josephmouth,-0.145574,31573,Yukleme,Dusuk
Eileenstad,-0.105539,31074,Konteyner Terminali,Dusuk
Clairestad,-0.173871,8232,Yukleme,Orta
Port Brittanyport,0.164007,9629,Konteyner Terminali,Yuksek
Nguyenfurt,-0.438724,41005,Depolama,Orta
North Brent,-0.435167,16211,Yukleme,Yuksek
Martinhaven,0.474904,28376,Konteyner Terminali,Orta
Port Andreville,0.116106,43485,Yukleme,Orta
Port Dannyside,-0.200068,7901,Yukleme,Dusuk
South Kristaville,0.016199,26540,Konteyner Terminali,Orta
Sotofort,0.325277,21974,Depolama,Orta
New Christophershire,0.006756,36636,Bosaltma,Yuksek
Elliottside,0.293455,33383,Bosaltma,Orta
South Christopher,0.089244,11711,Bosaltma,Yuksek
New Heather,-0.434577,2111,Bosaltma,Yuksek
Danielburgh,0.066967,42681,Konteyner Terminali,Dusuk
Gloverchester,-0.497576,33230,Konteyner Terminali,Orta
Travisport,0.223690,4629,Bosaltma,Yuksek
North Bianca,-0.069552,16761,Bosaltma,Orta
Cynthiaville,0.283749,21370,Depolama,Dusuk
Frazierfurt,0.022726,39844,Depolama,Orta
New Lynnbury,-0.051719,8329,Yukleme,Dusuk
East Joseph,-0.211927,31919,Depolama,Dusuk
South Juliebury,0.022012,42995,Yukleme,Yuksek
Lake Eric,0.161356,15234,Bosaltma,Dusuk
Port Kimberly,0.415453,14281,Bosaltma,Dusuk
Alexfurt,0.282589,35541,Bosaltma,Yuksek
Bakerberg,0.427808,1550,Depolama,Orta
West Sherryfurt,0.457076,29914,Depolama,Orta
East Lisafort,-0.262122,34764,Bosaltma,Orta
West Yolanda,0.052757,39437,Yukleme,Yuksek
Lake Sierra,-0.066848,46702,Depolama,Orta
Cynthiaborough,0.383007,28310,Yukleme,Yuksek
Lake Gloriashire,-0.131047,12480,Depolama,Orta
Keithmouth,-0.420503,30709,Yukleme,Orta
West Kristinaberg,0.485495,18720,Bosaltma,Yuksek
Clarkhaven,0.370600,7908,Konteyner Terminali,Yuksek
Welchland,-0.259584,40725,Konteyner Terminali,Orta
Montgomerychester,0.383289,28671,Konteyner Terminali,Yuksek
Port Wendyview,-0.242759,25470,Depolama,Yuksek
Brendaborough,0.123384,6936,Depolama,Orta
Baileyton,-0.397377,21599,Konteyner Terminali,Dusuk
Grahamchester,0.035506,1248,Konteyner Terminali,Yuksek
Hillfurt,0.330830,26262,Bosaltma,Yuksek
North Malik,0.430144,13813,Bosaltma,Dusuk
Port Laura,0.196462,35570,Yukleme,Dusuk
Smithport,0.175412,41363,Yukleme,Yuksek
East Wanda,0.015321,2379,Bosaltma,Yuksek
Edwardmouth,-0.443424,16255,Konteyner Terminali,Yuksek
Melissamouth,0.077952,21737,Bosaltma,Orta
Port Trevor,0.051151,28667,Konteyner Terminali,Dusuk
Lake Olivialand,-0.446710,34560,Depolama,Yuksek
Karenland,-0.177986,15650,Depolama,Yuksek
West Natalie,0.128551,17131,Bosaltma,Yuksek
Amberhaven,0.417997,29180,Bosaltma,Yuksek
North Andrewberg,-0.485181,19577,Yukleme,Yuksek
Robinfort,0.080719,44155,Depolama,Yuksek
Gibsonstad,-0.295543,19850,Depolama,Dusuk
Johnsonside,0.146781,49673,Yukleme,Yuksek
North Robertchester,-0.050831,26573,Konteyner Terminali,Dusuk
New Jenniferhaven,-0.052300,41447,Bosaltma,Yuksek
Owentown,-0.125854,13799,Konteyner Terminali,Yuksek
Jamesmouth,-0.336940,12709,Depolama,Dusuk
Bridgesview,0.035241,27126,Konteyner Terminali,Yuksek
Edwardland,0.036169,20558,Yukleme,Orta
Lake Cherylton,0.267331,32130,Yukleme,Yuksek
Dustinberg,-0.252993,3490,Bosaltma,Yuksek
Donnamouth,0.395751,5732,Konteyner Terminali,Dusuk
Browntown,0.379481,33809,Konteyner Terminali,Yuksek
Wilkinsfort,0.244306,8583,Bosaltma,Yuksek
South Kathy,-0.280874,47684,Konteyner Terminali,Yuksek
Nguyenport,-0.454837,10121,Depolama,Orta
Lake Christopherfort,0.425347,39973,Yukleme,Orta
Lake Stacey,-0.167740,19424,Bosaltma,Dusuk
New John,0.318894,48457,Bosaltma,Orta
Romanburgh,-0.467659,30493,Bosaltma,Yuksek
West Jenniferview,-0.115732,21683,Bosaltma,Yuksek
South Colleen,-0.407564,21262,Konteyner Terminali,Yuksek
Simonland,-0.143120,43934,Bosaltma,Dusuk
Jenniferfurt,0.041949,5260,Yukleme,Dusuk
South Leahfort,-0.049677,10862,Konteyner Terminali,Dusuk
Josephside,0.435303,46274,Depolama,Dusuk
Lake Jamie,-0.355412,8654,Bosaltma,Dusuk
Shawnbury,-0.427769,27747,Konteyner Terminali,Dusuk
Nguyenside,-0.328462,6443,Yukleme,Dusuk
East Jennifer,-0.126794,38527,Bosaltma,Orta
East Josephhaven,0.006463,49783,Konteyner Terminali,Dusuk
Melissamouth,-0.110297,20841,Konteyner Terminali,Yuksek
Johnberg,-0.305236,41194,Yukleme,Yuksek
Cooperside,-0.495450,27157,Yukleme,Yuksek
North Joechester,-0.102530,1782,Bosaltma,Dusuk
Gabrielahaven,0.002421,46543,Bosaltma,Orta
Brandonburgh,0.334880,45483,Konteyner Terminali,Orta
East Sarahmouth,-0.021000,47243,Konteyner Terminali,Orta
Lake Jonathon,0.103417,28499,Yukleme,Orta
Christopherton,0.274957,34646,Depolama,Yuksek
Morganstad,0.113488,47083,Yukleme,Orta
Lake Justin,-0.355998,23677,Depolama,Orta
West Trevorchester,0.358331,35148,Depolama,Yuksek
Johnsonburgh,0.016904,45133,Bosaltma,Dusuk
Debratown,-0.124072,22491,Depolama,Yuksek
New Thomastown,0.232571,41325,Konteyner Terminali,Yuksek
South Patricia,-0.349685,11350,Konteyner Terminali,Orta
South Anthonyside,-0.340135,21976,Yukleme,Orta
New Edgar,0.175669,43531,Konteyner Terminali,Orta
Janiceborough,-0.219961,49010,Konteyner Terminali,Orta
Johnville,-0.394300,40504,Depolama,Yuksek
Meadowsberg,-0.082391,32018,Bosaltma,Dusuk
East Todd,0.084787,12226,Depolama,Yuksek
Christianchester,0.319977,4387,Bosaltma,Dusuk
Port Geraldbury,0.191020,39551,Depolama,Dusuk
West Meaganstad,-0.455121,42276,Bosaltma,Dusuk
West Andrewmouth,-0.363963,21861,Yukleme,Dusuk
Lake Jessica,-0.404065,5973,Konteyner Terminali,Dusuk
Glennberg,-0.002576,24723,Konteyner Terminali,Orta
Derekview,-0.267969,34744,Konteyner Terminali,Yuksek
Sarahland,-0.121272,13967,Yukleme,Dusuk
Moralesland,-0.404695,22061,Depolama,Yuksek
Petersonmouth,0.140144,30713,Konteyner Terminali,Yuksek
West Samuel,-0.495168,1876,Konteyner Terminali,Yuksek
Port Kendra,0.407838,36710,Konteyner Terminali,Yuksek
Michaelbury,-0.341431,29231,Konteyner Terminali,Orta
Hendersonstad,0.148299,18571,Bosaltma,Orta
South Ryan,-0.443057,34989,Konteyner Terminali,Dusuk
Julieville,0.427033,28790,Bosaltma,Yuksek
Masontown,-0.102738,18651,Yukleme,Dusuk
Lake Monicaport,-0.070430,9147,Konteyner Terminali,Yuksek
Johnsonberg,0.006236,31973,Bosaltma,Dusuk
Waterschester,-0.391273,21307,Yukleme,Dusuk
Kennedybury,0.357174,40778,Yukleme,Orta
Allenview,0.494397,47283,Yukleme,Yuksek
East Jean,0.430710,15972,Yukleme,Dusuk
Victoriafurt,-0.286579,27088,Konteyner Terminali,Orta
Ellisonborough,0.488477,36658,Depolama,Dusuk
Port Valerie,-0.270020,14754,Depolama,Orta
South Kyle,-0.366631,24700,Depolama,Orta
East Jeffrey,-0.324911,15493,Depolama,Orta
Port Connie,0.179690,45556,Yukleme,Orta
South Diamond,-0.259274,10045,Depolama,Orta
Mitchellport,0.118879,26303,Bosaltma,Dusuk
Amyville,0.444141,35970,Yukleme,Dusuk
Kayleeburgh,0.250942,35893,Yukleme,Dusuk
Howellstad,-0.168133,21779,Konteyner Terminali,Yuksek
Jonesbury,-0.130236,15656,Bosaltma,Yuksek
Jeffreyshire,-0.365792,2288,Bosaltma,Dusuk
West Robyn,0.008437,17479,Yukleme,Orta
New Katie,0.022755,2793,Bosaltma,Orta
Patriciatown,-0.080248,17247,Bosaltma,Yuksek
Andretown,-0.384236,33252,Konteyner Terminali,Yuksek
West Jenniferport,0.248816,28804,Bosaltma,Orta
Mariechester,-0.245245,34202,Konteyner Terminali,Dusuk
Williamstown,0.346610,49668,Yukleme,Dusuk
North Lindashire,0.423635,13905,Yukleme,Yuksek
Cherylburgh,0.498714,33210,Depolama,Orta
Blakefurt,-0.149447,8355,Yukleme,Yuksek
Johnsmouth,0.440941,21129,Depolama,Yuksek
East Christopherland,0.384979,46583,Bosaltma,Orta
East Nancy,0.084530,21684,Konteyner Terminali,Orta
Erinstad,-0.161429,14632,Yukleme,Yuksek
Normanview,0.069084,15675,Yukleme,Dusuk
Charlesville,-0.377226,13752,Bosaltma,Orta
South Michael,0.378929,3446,Bosaltma,Orta
West Brianfurt,-0.128231,37543,Yukleme,Yuksek
North Craig,-0.134500,46531,Bosaltma,Orta
Tapiatown,-0.035362,48994,Bosaltma,Yuksek
Thompsonhaven,-0.321167,41614,Yukleme,Yuksek
Alexborough,0.490277,40624,Yukleme,Orta
Port Sarahland,-0.088837,35702,Konteyner Terminali,Orta
Port Johnville,0.300769,47718,Bosaltma,Orta
East Kayleemouth,0.453312,2636,Yukleme,Orta
South Emily,-0.480993,47309,Bosaltma,Dusuk
Heiditown,-0.464962,48789,Yukleme,Dusuk
Meghanstad,0.085365,25617,Depolama,Dusuk
West Amyburgh,0.094997,30204,Yukleme,Yuksek
Salasburgh,-0.349487,25096,Yukleme,Yuksek
New Lorichester,0.247623,9631,Yukleme,Orta
New Juan,0.211139,12293,Depolama,Orta
Spenceborough,-0.319386,8093,Konteyner Terminali,Dusuk
East Robinland,0.350597,49306,Bosaltma,Orta
Lake Elijahfort,0.233028,7567,Konteyner Terminali,Orta
Cardenasbury,-0.215701,2951,Depolama,Yuksek
Andrewberg,0.253661,44905,Bosaltma,Dusuk
Kaylaville,0.335010,14945,Yukleme,Dusuk
Joneschester,-0.301980,43339,Bosaltma,Dusuk
Port Stephaniemouth,0.053626,21226,Depolama,Yuksek
Jensenchester,0.268094,8666,Konteyner Terminali,Dusuk
Yolandaberg,-0.365309,22092,Bosaltma,Dusuk
Lake Johnborough,-0.481482,37121,Bosaltma,Orta
Jonathanmouth,0.193211,48667,Yukleme,Orta
Scottburgh,-0.323844,24292,Depolama,Yuksek
West Tonyaland,-0.411818,39413,Konteyner Terminali,Orta
Riveraville,-0.329074,47003,Konteyner Terminali,Yuksek
Deniseton,-0.296157,27690,Depolama,Dusuk
Perezstad,0.053364,1500,Depolama,Yuksek
Hillborough,-0.084826,18054,Konteyner Terminali,Orta
Lake Karenchester,-0.456956,44541,Depolama,Yuksek
Colemanside,-0.392456,21478,Depolama,Dusuk
New David,-0.072865,11396,Yukleme,Orta
Palmerbury,-0.002714,10248,Depolama,Dusuk
Leeview,-0.159981,8841,Konteyner Terminali,Orta
East Rebeccaburgh,-0.380236,6835,Yukleme,Orta
East Mollyfort,0.067911,18212,Bosaltma,Dusuk
Hollandmouth,0.043178,24551,Konteyner Terminali,Orta
Warrenfurt,0.028861,47403,Bosaltma,Yuksek
Davishaven,0.314439,24959,Bosaltma,Dusuk
Williamsfort,0.221984,26461,Depolama,Yuksek
Michelleside,-0.354559,11803,Bosaltma,Dusuk
Port Devin,0.377154,30323,Bosaltma,Orta
New Pam,0.231205,34094,Bosaltma,Orta
Sanchezmouth,-0.300909,29637,Yukleme,Dusuk
North Catherine,-0.010610,42080,Yukleme,Yuksek
Kristinashire,0.189564,2038,Konteyner Terminali,Yuksek
Timothyshire,0.300382,20229,Bosaltma,Yuksek
South Samuelmouth,-0.222876,20393,Yukleme,Orta
South Rodney,-0.105146,14569,Depolama,Dusuk
Youngland,-0.254993,22850,Depolama,Dusuk
New Amyfort,-0.027827,12220,Depolama,Orta
Port Juanburgh,0.077040,3639,Depolama,Dusuk
Simmonsbury,-0.229565,3715,Bosaltma,Yuksek
South Dean,0.115086,16588,Depolama,Orta
Carrillobury,-0.295286,32088,Depolama,Dusuk
New Kristashire,0.117986,1620,Depolama,Yuksek
Port Katie,0.002282,35556,Yukleme,Yuksek
Walshland,-0.421761,41182,Konteyner Terminali,Yuksek
New Damon,-0.117001,41495,Depolama,Orta
New Scottville,-0.481543,32103,Depolama,Orta
Gregorymouth,-0.096743,15521,Depolama,Yuksek
