Tedarikci Adi,Urun Adi,Miktar,Tedarik Tarihi,Depo Lokasyonu,Sevkiyat Durumu
"Williams, Williams and Moore",now,29,2023-10-20 16:21:25,Murrayport,Teslim Edildi
"Ryan, King and Hall",prepare,14,2024-02-11 21:49:33,Scottborough,Teslim Edilecek
"Gardner, Fuller and Massey",choice,55,2023-07-17 22:39:41,Lake Rodneyport,Bekliyor
Davis Ltd,sing,19,2023-04-15 07:19:44,East Jessica,Teslim Edilecek
"Bradley, Kent and Smith",parent,92,2023-07-10 04:21:42,Simonland,Teslim Edilecek
Wright and Sons,surface,56,2023-05-22 02:09:04,Vasquezmouth,Bekliyor
Martin Inc,seem,4,2023-12-03 17:18:09,Brendaville,Bekliyor
"King, Hudson and Taylor",design,28,2023-08-16 20:24:24,South Jonathon,Bekliyor
Torres PLC,wait,32,2023-08-05 22:11:40,Port Frank,Teslim Edildi
Walker LLC,election,97,2023-12-27 19:15:48,New Maria,Teslim Edildi
"Miller, Ross and Buchanan",when,81,2023-11-03 17:39:31,Danielport,Bekliyor
Vasquez LLC,should,92,2023-11-29 01:02:44,West Mark,Teslim Edilecek
Davidson-Cole,peace,23,2024-02-04 10:32:12,East Jacqueline,Bekliyor
Turner-Cohen,life,1,2023-04-30 22:28:16,Andreaberg,Bekliyor
Doyle-Scott,mind,87,2023-09-30 14:59:13,Wilsonshire,Teslim Edilecek
Smith PLC,lot,4,2023-08-01 22:05:53,Wiseberg,Teslim Edilecek
"Pugh, Mitchell and Torres",against,24,2023-09-17 18:14:22,Heatherton,Bekliyor
"Murray, Taylor and Abbott",again,45,2023-11-17 08:09:06,South Catherine,Teslim Edildi
Henry-Jones,much,19,2023-03-30 17:09:01,Tommymouth,Teslim Edilecek
"Black, Anderson and Hicks",it,40,2023-07-28 10:08:43,Anitaport,Teslim Edilecek
"Mendoza, Fleming and Morris",oil,54,2023-03-05 20:38:59,Curtischester,Bekliyor
Jenkins-Parks,avoid,86,2023-08-09 23:47:22,Lake Albert,Teslim Edildi
"Berger, Brown and Miller",alone,62,2023-11-05 03:40:32,West Mark,Teslim Edildi
Sparks-Campbell,upon,30,2023-06-12 22:25:05,Arellanoland,Teslim Edildi
Wilson-Harris,window,71,2023-12-20 18:55:05,Lake Matthewton,Bekliyor
Day-Gibbs,watch,38,2024-01-14 06:12:16,Pittmantown,Teslim Edildi
"Pruitt, Watson and Leblanc",any,6,2023-09-21 15:47:29,Seanberg,Bekliyor
"Mathews, Garcia and Lee",dog,25,2023-09-07 23:56:02,Lake Sergio,Bekliyor
Ford and Sons,son,42,2023-11-11 01:39:04,Port Melodyville,Bekliyor
Gross-Perez,friend,49,2023-10-15 11:41:44,Melissachester,Teslim Edilecek
Mayer-Gregory,sometimes,99,2023-11-17 22:52:33,North Brenda,Teslim Edildi
Carlson LLC,rather,15,2023-05-11 10:27:13,East Troy,Bekliyor
Wilson-Jones,to,20,2023-05-18 10:49:56,Port Summer,Teslim Edildi
Humphrey-Miller,whose,73,2023-05-16 14:26:17,South Samanthaton,Teslim Edildi
"Davis, Weiss and Yates",again,73,2023-08-15 00:33:00,Proctormouth,Bekliyor
"Archer, Smith and Ford",fill,2,2023-12-16 16:49:25,Port Miranda,Teslim Edilecek
"Russell, Lewis and Brown",couple,66,2023-04-15 03:47:35,Deannaside,Teslim Edilecek
"Horne, Carr and Jenkins",whom,100,2023-11-09 14:09:00,Garciaview,Bekliyor
"Miles, Davidson and Faulkner",former,55,2023-11-25 23:23:02,Amandaside,Bekliyor
Cruz-Ellis,rule,57,2023-12-13 10:26:21,Hubbardfort,Teslim Edilecek
Collins Group,book,58,2023-03-19 21:38:35,Port Rebeccaside,Teslim Edildi
"Allen, Snyder and Lynch",artist,96,2023-10-13 10:51:37,South Tammyfurt,Teslim Edildi
"Diaz, Dixon and Wilcox",there,48,2023-03-13 23:52:59,Judithstad,Bekliyor
"Phillips, Johnson and Perry",onto,56,2024-01-22 00:53:50,North Regina,Teslim Edilecek
Cox Inc,agency,41,2023-09-17 17:27:55,Port Marciaberg,Bekliyor
"Guerrero, Robinson and Garner",standard,42,2023-12-22 09:34:37,Thompsonside,Teslim Edildi
Williams Group,suddenly,50,2023-12-02 20:16:56,Cunninghamberg,Teslim Edilecek
Johnson-Mckee,behavior,33,2023-04-09 01:59:21,North Veronica,Teslim Edildi
Allen-Erickson,smile,58,2023-07-27 09:45:12,New Charlesburgh,Teslim Edilecek
Burke Ltd,herself,88,2023-04-24 18:03:40,North Timothymouth,Teslim Edilecek
Rodriguez Group,when,92,2023-08-29 20:48:04,Kennethchester,Bekliyor
Smith-Williams,information,62,2023-05-29 23:22:50,West Travis,Teslim Edilecek
"Caldwell, Ayers and Walker",very,36,2023-08-24 21:45:05,North Michael,Teslim Edilecek
Lee-Floyd,chance,60,2023-03-08 16:48:28,Lake Stephaniemouth,Teslim Edildi
Goodwin LLC,represent,38,2023-06-18 14:22:59,North Mary,Bekliyor
Morgan-Marshall,down,42,2023-12-04 22:01:07,Bartonbury,Teslim Edildi
Smith Inc,skill,24,2023-11-03 12:26:35,Port Jamesside,Bekliyor
Webster-Grant,raise,51,2023-02-20 00:16:24,East Pennyborough,Bekliyor
Ross Group,standard,59,2023-07-03 04:10:04,Phillipsborough,Teslim Edildi
"Grant, Koch and Hanson",most,1,2023-08-16 22:20:28,West Sara,Teslim Edildi
Rose-Turner,minute,63,2023-12-15 11:55:41,New Susan,Teslim Edilecek
Bush Group,agree,68,2023-12-26 08:12:34,Kimberlybury,Bekliyor
Jacobs LLC,civil,72,2023-04-06 17:39:01,Patelport,Teslim Edilecek
"Ellis, Kelly and Craig",thus,60,2023-10-25 08:03:12,South Holly,Teslim Edildi
Davis-Johnson,everybody,43,2023-09-07 16:09:42,Danieltown,Teslim Edilecek
Monroe Group,reflect,96,2023-06-02 05:47:26,Andreastad,Bekliyor
Anderson and Sons,three,95,2023-07-19 08:10:46,Darrylhaven,Teslim Edilecek
"Bell, West and Gomez",they,42,2024-02-17 21:42:20,New Benjaminmouth,Bekliyor
Howard-Jackson,since,31,2023-12-06 19:04:13,North Felicia,Bekliyor
Ward-Graham,issue,92,2023-05-25 11:41:24,Stewartburgh,Bekliyor
Howard and Sons,throughout,70,2023-11-09 20:03:47,East Andrealand,Bekliyor
Flores-Rice,friend,52,2023-03-06 04:00:10,North Amanda,Teslim Edilecek
Wheeler Group,unit,2,2023-12-29 03:04:51,West Lindseyborough,Teslim Edildi
"Powell, Vang and Hernandez",increase,94,2023-08-18 02:13:06,Shepherdburgh,Teslim Edilecek
Wilson and Sons,week,96,2023-06-24 02:58:22,Gonzalesside,Bekliyor
Jordan PLC,themselves,65,2023-08-31 19:55:06,Erikchester,Teslim Edildi
"Smith, Simmons and Hoffman",stock,80,2023-04-02 06:03:05,Frankshire,Teslim Edilecek
Jones-Hoffman,answer,32,2023-06-21 19:03:24,Garciachester,Teslim Edildi
Evans-Oneal,window,74,2023-05-04 16:22:05,South Anthonyfort,Teslim Edilecek
Wheeler-Schmidt,heart,70,2024-01-15 14:41:29,Port Stephenstad,Teslim Edildi
Clark-Green,evidence,77,2023-12-08 10:56:14,West Alanbury,Teslim Edildi
"Ware, Skinner and Fields",entire,56,2023-09-10 13:10:23,Lake Tony,Bekliyor
"Miller, Morgan and Manning",investment,62,2023-09-18 13:33:17,Roblesland,Bekliyor
Curtis-Taylor,technology,79,2023-03-18 01:03:49,South Josephton,Bekliyor
Reynolds Inc,site,98,2023-09-11 18:26:58,North Jasonland,Teslim Edildi
Hernandez Inc,space,79,2023-12-11 17:19:28,New Karen,Teslim Edilecek
"Werner, West and Russell",today,85,2023-08-11 15:01:52,South Kathleenville,Teslim Edildi
"Miles, Byrd and Gonzalez",word,31,2023-04-29 09:21:10,Evanshaven,Teslim Edilecek
"Newman, Callahan and Reyes",visit,80,2023-12-21 13:31:42,Tristantown,Bekliyor
Brennan-Kramer,pick,52,2023-12-05 12:56:19,Bankschester,Teslim Edilecek
Fitzgerald-Sandoval,market,64,2024-01-26 06:46:54,Port Catherine,Bekliyor
Wilson and Sons,happy,21,2023-05-27 06:33:29,Lake Nicholas,Bekliyor
Ferguson-Brown,really,79,2023-05-12 20:48:33,Smithhaven,Teslim Edilecek
Mullen Inc,whole,93,2024-01-24 00:55:33,Port Michelle,Teslim Edildi
"Martin, Martinez and Rodriguez",try,36,2023-12-27 12:20:55,Port Michelle,Bekliyor
"Bishop, Frank and Ewing",something,13,2023-03-05 04:42:48,East Anthony,Teslim Edildi
"Raymond, Beck and Leonard",here,99,2023-05-14 10:46:27,Sweeneyton,Teslim Edildi
"Nguyen, Adams and Lopez",always,69,2023-12-04 07:13:31,North Jeromeshire,Teslim Edildi
Williamson-Thomas,example,66,2023-11-28 09:14:22,Kirbyfort,Bekliyor
"Vega, Butler and Warner",eight,83,2023-08-04 01:55:48,West Alexisview,Teslim Edilecek
Callahan-Nelson,theory,33,2023-04-10 15:25:29,East Traceyside,Teslim Edildi
"Simmons, Parker and Russo",hot,74,2023-10-24 21:16:07,Lake Kayla,Teslim Edildi
Wright-Miller,fund,4,2023-03-09 17:48:02,East Jonathan,Teslim Edildi
Blair-Levine,character,45,2023-03-29 07:52:34,Lindashire,Bekliyor
Savage-Warner,study,67,2024-02-19 07:41:06,West Kimberlyfurt,Bekliyor
"Davis, Myers and Copeland",my,13,2024-01-26 22:36:53,Port Emilyville,Bekliyor
Hall PLC,network,36,2024-01-25 22:39:01,Andersonborough,Teslim Edildi
Miller Group,when,89,2023-12-05 10:20:23,Lake Angela,Teslim Edilecek
Garrett and Sons,may,13,2023-10-22 22:16:12,West Jamesberg,Teslim Edilecek
Davenport-Mills,significant,91,2023-09-28 09:13:45,Willischester,Bekliyor
"Smith, Simmons and Reese",son,8,2023-11-21 03:21:23,New Ana,Teslim Edilecek
"Duffy, Smith and Wilson",instead,13,2024-02-04 10:19:30,Paulmouth,Teslim Edildi
Cook Group,data,48,2023-03-29 10:09:53,Allenmouth,Bekliyor
"Evans, Parker and White",black,6,2023-07-24 21:55:01,Randymouth,Teslim Edildi
Smith and Sons,question,73,2023-12-16 17:33:55,Paulburgh,Teslim Edildi
Sanders-Levine,ever,13,2024-01-25 03:33:24,Raymondberg,Teslim Edildi
Klein-Hill,put,79,2023-05-03 01:59:18,Sonyafort,Teslim Edilecek
"Patterson, Jones and Leonard",concern,26,2023-06-12 05:46:23,Choichester,Bekliyor
"Johnson, Clark and Pierce",know,66,2023-12-25 05:23:37,South Danielle,Teslim Edilecek
Williams-Fuller,indicate,33,2023-12-13 08:11:14,Johnfort,Teslim Edildi
Bartlett LLC,forward,58,2023-11-19 17:16:42,Leahhaven,Bekliyor
"Hernandez, Vance and Phillips",plant,66,2023-03-14 06:54:38,Woodstad,Bekliyor
Mathews Group,break,88,2024-02-12 10:55:25,Valentinehaven,Bekliyor
Pollard Group,market,17,2024-02-06 23:10:08,Simpsonland,Teslim Edildi
Burke-Green,maybe,90,2023-09-23 23:46:03,Stokesberg,Teslim Edildi
Johnson-Jones,bar,45,2023-02-27 21:38:21,Mccormickton,Bekliyor
"Nelson, Maxwell and Johnson",much,98,2023-09-03 18:26:45,Alexanderfort,Bekliyor
"Villa, Flynn and Brown",pull,3,2023-09-06 12:52:42,East Angelaland,Teslim Edildi
"Willis, Irwin and Smith",clearly,19,2023-06-30 21:17:47,South Nicole,Bekliyor
"Mack, Fitzgerald and Lester",serve,3,2023-08-22 21:35:29,Jacobmouth,Teslim Edildi
Brewer PLC,crime,19,2023-07-06 09:21:27,Bryanmouth,Bekliyor
Green-Hebert,figure,43,2023-10-04 19:36:42,West Cindyview,Teslim Edilecek
"Larson, Jones and Deleon",age,96,2023-06-27 20:51:19,Jessicatown,Teslim Edildi
"Phillips, Garcia and Hooper",decision,37,2023-08-08 06:55:54,West Riley,Teslim Edildi
"Riggs, Cunningham and Walker",factor,10,2023-11-08 03:39:49,East Henry,Teslim Edildi
"Stone, Rodriguez and Sanchez",eye,89,2023-06-08 17:37:51,Port Peter,Bekliyor
Scott-Williams,recently,9,2023-04-05 13:18:36,East Kristina,Bekliyor
Jones-Contreras,body,45,2023-04-10 14:12:23,Mejiabury,Teslim Edilecek
Calhoun Ltd,partner,83,2023-04-26 03:40:31,South Andrew,Teslim Edilecek
Baker-Allen,wear,55,2023-10-13 13:34:41,East Pamelaside,Teslim Edildi
Levine-Johnson,TV,64,2023-09-03 06:08:04,North Vincentton,Bekliyor
Moore Ltd,ability,92,2023-12-01 21:42:31,Taylormouth,Bekliyor
Wilcox and Sons,give,51,2024-01-18 13:55:41,North James,Teslim Edilecek
Martin-Walsh,Democrat,56,2023-10-18 15:03:34,Port Calvin,Teslim Edilecek
"Hodge, Marquez and Harris",beyond,64,2023-03-05 16:46:40,East Samanthafort,Teslim Edilecek
Romero LLC,charge,37,2024-01-10 06:15:23,West Marvin,Teslim Edilecek
Acosta-Patrick,particularly,41,2024-02-19 08:44:06,North Danielstad,Teslim Edilecek
Armstrong Inc,significant,7,2023-07-04 19:00:14,Lake Grantfurt,Teslim Edilecek
Larsen Ltd,nothing,55,2024-02-06 01:42:48,North Ashleybury,Bekliyor
Alexander Group,treat,49,2023-05-14 10:44:22,North Gloriastad,Teslim Edilecek
"Brown, Hammond and Cooke",PM,67,2023-04-19 15:55:01,Port Lauraberg,Teslim Edilecek
Wade-Taylor,inside,20,2023-10-16 15:58:34,East Scott,Teslim Edildi
"Kane, Mendez and Shea",understand,59,2023-07-01 12:06:03,Martinezhaven,Teslim Edildi
Morgan-Cohen,six,23,2024-01-07 15:07:56,Arthurfort,Teslim Edilecek
Garza-Newman,method,57,2023-11-21 10:39:30,Estradamouth,Bekliyor
"Gilmore, Mitchell and Taylor",enjoy,36,2023-04-02 03:06:28,South Brianna,Bekliyor
Goodwin Inc,general,85,2023-06-07 09:12:26,Hendersonport,Teslim Edilecek
Flores Ltd,computer,99,2023-07-20 02:42:44,Port Robertport,Teslim Edildi
"Stone, Hanson and James",town,60,2023-04-01 09:10:25,East Andrewmouth,Teslim Edildi
"Cooper, Edwards and Terry",discuss,44,2023-10-04 07:00:52,West Steventown,Bekliyor
Lawson-Rivera,available,31,2023-12-10 16:37:50,New Kathrynport,Teslim Edilecek
"Mccullough, Lopez and Fleming",American,22,2023-06-10 22:11:08,Joebury,Bekliyor
Kelly-Martinez,take,50,2024-02-12 05:09:37,Maryfurt,Bekliyor
Cooper-Williams,give,52,2023-11-25 17:17:19,Johnsonport,Teslim Edilecek
Richardson-Williams,difference,65,2023-04-17 19:27:03,West Jamesshire,Teslim Edildi
"Atkins, Baxter and Wallace",else,91,2023-08-03 14:52:22,Alexandriatown,Teslim Edildi
"Bass, Cantu and Macias",force,8,2023-08-30 07:36:53,South Jacobburgh,Bekliyor
Matthews Ltd,artist,19,2024-01-07 02:14:59,Tammyview,Bekliyor
"Coleman, Sanders and Brown",billion,16,2023-08-30 15:55:12,North David,Teslim Edilecek
"Boyd, Moreno and Perez",bad,46,2023-02-26 07:21:30,South Jennifer,Teslim Edildi
Buckley-Kerr,possible,46,2023-09-20 01:29:56,West Tiffany,Teslim Edildi
Matthews-Brown,yet,27,2023-10-28 11:02:17,Kaylafort,Bekliyor
Spears-Holland,join,50,2023-04-22 14:51:36,North Keith,Teslim Edilecek
"Johnson, Frederick and Harris",network,70,2024-01-10 22:25:26,Batesstad,Bekliyor
Gomez Inc,point,94,2023-03-16 04:26:48,Arielton,Bekliyor
Lopez-Hicks,protect,6,2023-08-17 11:31:58,North Christina,Bekliyor
"Sullivan, Owens and Smith",discuss,48,2023-02-25 00:43:45,Geoffreyside,Teslim Edilecek
"Smith, Vargas and Hill",seek,94,2023-10-06 22:19:59,Gregorystad,Teslim Edilecek
"Andrews, Butler and Gibson",measure,15,2024-01-24 09:01:57,Mccallstad,Teslim Edilecek
Boyd-Rogers,owner,26,2023-10-06 13:22:37,South Zachary,Teslim Edilecek
"Ross, Lee and Kelley",who,14,2023-11-22 23:05:42,Lake Kristen,Teslim Edilecek
"Newman, Gonzales and Barnes",might,55,2023-12-29 13:58:26,Veronicaside,Teslim Edilecek
Mitchell-Powell,wait,93,2023-05-22 21:03:02,Allenville,Teslim Edilecek
"Ferrell, Thomas and Griffith",wind,42,2023-09-01 14:09:12,East Carlos,Teslim Edildi
Thompson and Sons,over,51,2023-09-27 13:24:29,Howardport,Bekliyor
"Hudson, Miles and Miller",enjoy,44,2023-09-22 09:50:04,West Petershire,Teslim Edildi
Jones-Thomas,protect,25,2023-12-02 17:54:54,Floresport,Bekliyor
Hebert-Salazar,customer,43,2023-03-27 10:52:18,Chandlermouth,Teslim Edildi
Hobbs-Griffin,popular,60,2024-01-10 11:18:16,Sextonville,Teslim Edildi
Anderson Ltd,sell,27,2023-03-23 09:48:20,Lake Josephborough,Bekliyor
Baker Inc,traditional,23,2024-01-29 02:35:47,North Kellymouth,Teslim Edildi
Acosta-Chapman,value,10,2024-01-15 14:11:32,Farleyfort,Teslim Edilecek
"Logan, Smith and Robertson",drug,93,2023-07-03 20:20:15,West Meredithville,Teslim Edilecek
Newman-Robinson,able,6,2023-07-22 13:26:36,Adamshaven,Teslim Edildi
Sanchez and Sons,decide,81,2023-07-03 14:54:28,Port Kariton,Bekliyor
Rich-George,mouth,16,2023-12-09 23:26:16,Tracyport,Bekliyor
Jackson PLC,door,26,2023-12-08 17:07:23,Elliottland,Bekliyor
"Perry, Fitzpatrick and Hill",drop,81,2023-03-08 12:17:52,West Jenniferville,Teslim Edilecek
Flores and Sons,agency,67,2023-05-10 08:07:53,Ortizview,Bekliyor
Conway Group,leg,52,2023-03-15 23:23:20,Santiagomouth,Bekliyor
"Reese, Lee and Neal",daughter,52,2023-09-28 03:00:35,West James,Teslim Edildi
Holden and Sons,fly,90,2023-05-14 07:34:29,Garymouth,Teslim Edilecek
Diaz-Holloway,build,67,2024-01-28 21:44:45,Richardfurt,Bekliyor
Hoffman and Sons,level,16,2023-10-24 19:27:43,Adamsport,Teslim Edildi
Jones-Bryant,huge,87,2024-02-08 02:31:00,Joshuastad,Teslim Edilecek
Lee-Cooper,down,5,2023-02-21 02:51:53,Mercerhaven,Teslim Edildi
Huffman and Sons,real,67,2023-11-24 22:58:28,South Craigberg,Teslim Edilecek
Davis Ltd,product,90,2023-08-04 10:28:20,Carlostown,Teslim Edildi
Powers-Obrien,and,34,2023-05-12 02:42:28,Pennybury,Bekliyor
Jones-Johnson,though,85,2023-06-15 08:43:14,Mullinsland,Bekliyor
Anderson PLC,no,78,2023-08-12 11:36:39,New Karen,Bekliyor
Gray Group,maintain,3,2023-03-14 23:08:07,New Amandaland,Teslim Edildi
"Cole, Rivera and Knight",student,48,2024-01-04 13:34:40,Robertshire,Teslim Edilecek
Mason Inc,television,49,2023-05-08 01:39:28,East Davidville,Teslim Edilecek
Lamb Inc,discuss,36,2023-09-03 20:19:14,South Patrickhaven,Teslim Edildi
"Martin, Morse and Luna",must,92,2023-03-12 17:15:02,Lake Sherry,Teslim Edildi
Arnold-Salas,sing,37,2023-04-20 16:16:35,Victorville,Teslim Edildi
"Calderon, Murphy and Benton",him,40,2023-03-13 04:00:42,Markfort,Teslim Edilecek
Tran-Holmes,child,8,2023-07-15 07:16:55,Lake Jacob,Teslim Edilecek
"Ross, Castillo and Richards",space,45,2023-12-29 15:17:24,East Reneeborough,Bekliyor
Harris and Sons,Mr,38,2024-01-09 04:51:09,Romeroville,Teslim Edildi
"Smith, Buckley and Lucas",else,68,2023-11-10 10:55:14,Brendafort,Bekliyor
Cook and Sons,marriage,65,2023-06-18 12:36:08,West Sethhaven,Teslim Edilecek
Cunningham Inc,ago,2,2023-12-10 16:58:47,Kristineport,Teslim Edilecek
"Peters, Collins and Nelson",fact,93,2023-12-06 04:04:54,South Kelly,Teslim Edilecek
Phillips-Carter,thought,49,2023-09-13 14:58:47,Jonathanburgh,Teslim Edildi
Smith Ltd,growth,35,2024-02-04 08:02:00,Anthonymouth,Teslim Edildi
Hamilton Ltd,team,6,2024-01-30 13:41:09,Deckerview,Teslim Edildi
Thompson Group,stuff,91,2023-07-02 16:42:13,Jeffreyport,Teslim Edildi
Smith LLC,above,3,2023-05-31 19:58:07,Jarvisside,Bekliyor
Ingram-Mcguire,tough,53,2023-07-01 23:46:46,New Mikeborough,Teslim Edildi
Hamilton-Dyer,feel,44,2023-06-27 09:06:06,Lake Jennifer,Teslim Edildi
"Alvarez, Franklin and Bailey",day,43,2023-06-09 18:21:36,Lake Tracyside,Bekliyor
"Greer, Miller and Owen",end,17,2023-06-24 01:05:03,Josephstad,Bekliyor
Rowe-Gill,civil,43,2023-03-19 21:01:43,Alexburgh,Teslim Edilecek
Rivera PLC,adult,100,2023-03-18 18:41:57,Ortegachester,Teslim Edildi
Lynn LLC,article,31,2023-11-13 10:23:46,Hartchester,Teslim Edildi
Horton LLC,store,99,2023-10-27 12:13:33,Port Brian,Teslim Edildi
Patterson Group,science,70,2023-04-12 03:15:00,West Joan,Bekliyor
Smith LLC,so,51,2023-12-04 21:05:11,North Austin,Teslim Edilecek
Santos-Costa,he,34,2023-09-29 21:29:58,New Karenberg,Teslim Edilecek
Blevins-Gomez,deep,80,2024-02-02 00:48:37,Jeffreymouth,Bekliyor
Osborn and Sons,rest,91,2023-07-28 00:38:20,Reyesshire,Bekliyor
Alvarez Ltd,none,86,2023-09-01 17:40:31,Williamsville,Teslim Edildi
Velasquez and Sons,which,64,2023-04-10 00:55:33,South Mary,Teslim Edildi
Barnes and Sons,base,12,2023-03-09 14:32:20,East Antonioburgh,Teslim Edilecek
Lester Ltd,wide,7,2023-06-10 21:02:53,Vanessaview,Teslim Edilecek
Shaw-Wright,interview,59,2023-04-05 03:41:00,Durhammouth,Bekliyor
"Sims, Mcknight and Smith",newspaper,6,2023-12-16 21:52:37,Josephbury,Teslim Edilecek
Bowers-Knight,page,41,2023-05-06 17:50:28,South Whitney,Teslim Edilecek
White Group,ground,95,2023-12-13 02:26:44,Lake Hannahchester,Teslim Edildi
"Flores, Erickson and Hays",nothing,11,2023-03-22 19:24:16,Comptontown,Teslim Edildi
Day LLC,national,46,2023-02-19 14:32:34,East Veronicafurt,Bekliyor
Riley-Smith,consumer,44,2024-01-09 20:31:28,Lake Larrychester,Bekliyor
Nguyen-Quinn,appear,73,2023-09-07 02:04:49,Port Brian,Teslim Edilecek
Kirby-Franco,want,3,2023-07-12 10:42:27,South Jeromefort,Teslim Edildi
Chavez-Arias,radio,24,2023-12-15 10:50:08,Clarkborough,Teslim Edildi
Gonzales PLC,hot,1,2024-01-05 08:37:30,Jessicaport,Teslim Edildi
Patel and Sons,give,79,2023-07-21 04:45:10,Susanstad,Teslim Edilecek
Cooper-Higgins,camera,12,2023-05-28 03:30:54,West Joy,Teslim Edildi
Jones-Andrade,house,74,2023-08-05 04:50:34,Warnerchester,Bekliyor
Woodward and Sons,small,96,2023-06-05 23:53:49,Petershire,Bekliyor
"Reeves, Hill and Barrett",court,74,2023-03-08 13:57:52,Reynoldsmouth,Bekliyor
Butler-Fisher,attorney,33,2023-08-23 10:21:51,North Philipport,Teslim Edildi
Morgan-Mathews,community,31,2023-04-24 15:43:48,Kathleenside,Teslim Edilecek
Cooper-Davis,class,24,2023-06-21 08:43:27,West Joshua,Teslim Edilecek
Tate Inc,fish,39,2023-05-24 03:25:01,Sanchezport,Teslim Edildi
Burgess-Michael,give,11,2023-12-14 10:30:12,Brownport,Bekliyor
"Stafford, Randall and Neal",rest,82,2023-10-14 19:02:23,Danieltown,Teslim Edilecek
Lang-Herring,beat,36,2024-02-18 03:26:31,Port Toddchester,Teslim Edilecek
"Vasquez, Rivera and Martinez",level,26,2023-10-14 02:16:43,Lake Jonathon,Bekliyor
Hale PLC,keep,96,2023-07-12 19:54:50,North Amandahaven,Bekliyor
Davis Ltd,image,81,2023-12-21 15:56:20,Johnport,Teslim Edilecek
Owens PLC,public,53,2023-06-21 09:31:50,Williamsburgh,Teslim Edildi
Hubbard-Cruz,fly,100,2023-05-03 22:00:59,Myersbury,Teslim Edildi
Collins Inc,include,81,2023-12-23 00:42:47,Johnville,Teslim Edildi
Walker-Reed,Mr,67,2023-08-25 11:17:18,South Angelbury,Teslim Edilecek
Holmes and Sons,sport,26,2023-03-26 11:08:01,Port Cynthia,Teslim Edilecek
"Martinez, Weeks and Edwards",help,96,2023-11-09 23:46:08,North Jason,Teslim Edilecek
"Ellis, Davidson and Cox",indicate,39,2023-08-18 09:31:12,Brandonville,Teslim Edildi
"Moore, Terry and Gaines",offer,14,2024-01-20 00:55:22,North Michaelmouth,Teslim Edilecek
Long Group,determine,51,2023-11-05 22:36:33,Andreashire,Teslim Edilecek
"Mcgee, Cain and Figueroa",assume,65,2023-12-07 01:43:10,Jasminestad,Teslim Edilecek
Summers Inc,lawyer,33,2023-03-02 10:23:43,New Meganchester,Teslim Edilecek
Tate-Davis,although,2,2023-07-20 21:33:26,East Richardville,Teslim Edildi
"Wagner, Shaw and Lee",position,91,2023-10-23 20:14:46,New Lisaton,Teslim Edildi
Lynch Group,anyone,23,2023-04-22 16:05:58,Kimberlyview,Bekliyor
Howell-Hart,station,19,2023-08-10 17:54:57,Kingside,Bekliyor
"Marshall, Peterson and Casey",each,20,2023-09-02 00:45:34,East Leslieton,Teslim Edilecek
Roman-Holland,little,26,2024-01-23 04:55:47,Martinmouth,Teslim Edildi
"Lewis, Hamilton and Olson",response,20,2023-07-09 13:18:02,Turnerborough,Teslim Edilecek
Baxter-Burton,because,66,2023-10-16 00:16:24,Mikestad,Teslim Edildi
"Gonzales, Francis and Harvey",question,9,2023-03-14 03:42:13,North Timothy,Bekliyor
Wilson Inc,imagine,90,2024-01-24 09:19:03,West Kristin,Teslim Edildi
"Porter, Ayala and Smith",such,19,2023-04-27 00:51:16,Port Leslie,Teslim Edilecek
Richards Inc,friend,53,2023-04-24 08:07:57,Weaverberg,Teslim Edildi
Erickson and Sons,take,10,2023-03-15 06:06:50,South Christinashire,Teslim Edildi
Simmons and Sons,sign,27,2023-05-20 02:00:00,Vasquezport,Teslim Edildi
Bradford Ltd,far,76,2023-03-04 07:59:09,Nicolestad,Bekliyor
Ponce Ltd,hope,56,2023-12-28 09:10:41,Lake Cory,Bekliyor
"Harris, Reynolds and Shelton",through,56,2023-06-15 23:44:46,Kathleenfurt,Bekliyor
"Scott, Martinez and Crane",message,80,2023-10-17 23:11:32,Whiteshire,Bekliyor
"Ramirez, Fernandez and Stevens",soon,57,2023-03-25 16:01:34,Caseyton,Teslim Edilecek
"Nelson, Henderson and Hogan",hundred,82,2023-08-07 16:07:14,North Deanna,Teslim Edildi
Baker-Sanchez,step,42,2024-01-20 03:07:02,Port Nathaniel,Teslim Edildi
Hancock-Velazquez,community,86,2023-07-04 03:56:10,Walshhaven,Bekliyor
Bradley-Ellis,sport,67,2023-07-19 23:31:59,East Stephanie,Teslim Edilecek
"Hobbs, Brewer and Heath",after,39,2023-04-19 16:25:24,North Laurenshire,Teslim Edildi
"Brown, Brown and Bennett",shake,32,2023-08-27 01:21:51,Alexanderside,Teslim Edildi
Smith Group,everyone,37,2024-02-14 17:16:21,Smithmouth,Bekliyor
"Sanchez, Morales and Fox",so,6,2023-10-26 21:30:24,Lake Joseph,Bekliyor
Cardenas-French,never,23,2023-07-24 06:08:57,Donovanburgh,Teslim Edilecek
Chavez and Sons,human,44,2023-09-27 16:10:12,Harperland,Bekliyor
Patterson-Bautista,if,70,2023-07-15 19:29:17,Kevinland,Teslim Edildi
Beard-Moore,information,47,2023-08-06 01:52:28,New Brianport,Bekliyor
Fleming Ltd,way,63,2023-08-14 22:42:53,Port Deborah,Bekliyor
Bolton Group,brother,92,2023-09-30 21:18:49,Joanmouth,Teslim Edildi
Whitehead-Goodman,professional,2,2024-02-06 03:11:09,Batesburgh,Teslim Edildi
Anderson-Rios,easy,28,2024-01-23 01:57:11,Thomasborough,Teslim Edildi
"Hayes, Foster and Roberts",more,25,2023-07-07 22:12:12,Lake Michaelhaven,Teslim Edilecek
"Stanton, Campbell and Garcia",institution,76,2023-06-15 18:06:11,North Erinton,Bekliyor
Lee Group,speech,10,2023-07-02 11:45:48,Christinemouth,Bekliyor
Compton-Adams,with,25,2023-03-24 03:51:51,Foxhaven,Teslim Edildi
"Best, Miller and Christian",toward,81,2023-07-15 09:47:22,Carolhaven,Teslim Edildi
"Rodgers, Davis and Williams",check,44,2023-12-20 22:18:59,North Richardview,Teslim Edildi
Hansen Group,pass,74,2023-12-17 14:56:14,East Phillip,Teslim Edildi
Zimmerman and Sons,people,13,2023-12-03 14:50:35,Kayleehaven,Teslim Edildi
Miller-Lawson,catch,27,2023-05-09 09:32:29,Simmonsmouth,Teslim Edildi
"Gill, Harris and Sherman",travel,39,2023-06-24 16:37:53,Samanthaton,Teslim Edilecek
"Collins, Williams and Welch",save,39,2023-11-25 01:50:55,Port Raymond,Teslim Edilecek
Morris-Smith,catch,16,2023-05-09 04:08:23,North Vanessaville,Teslim Edilecek
Wang Group,our,21,2023-07-24 20:37:10,Underwoodfurt,Bekliyor
Hernandez PLC,case,52,2024-01-01 11:20:38,New Barbaramouth,Teslim Edilecek
Johnson Ltd,use,69,2023-07-31 14:58:17,North Christopher,Bekliyor
"Hart, Moses and Jones",recent,33,2023-02-24 03:55:58,Port Caleb,Teslim Edildi
Nelson-Wong,former,40,2023-11-03 23:54:16,Lake Shaneside,Teslim Edildi
Norris-Macdonald,sell,51,2023-10-06 19:47:37,South Maria,Teslim Edilecek
"Wilson, Williams and Sanchez",sport,97,2024-02-02 04:31:38,North Jennifer,Bekliyor
Mercado-Clark,sit,44,2023-10-10 19:34:48,Mariahborough,Teslim Edildi
Perez Group,shoulder,18,2023-03-20 18:08:16,North Arthur,Bekliyor
Clark PLC,sense,72,2024-01-17 15:08:28,Lake Jasmine,Teslim Edilecek
Banks-Boyer,upon,99,2023-07-05 18:48:27,New Angelica,Bekliyor
"Davis, Walsh and Suarez",music,1,2023-12-15 20:36:22,East Jamie,Bekliyor
"King, Hooper and Howard",seat,7,2023-12-26 10:17:04,Colinfurt,Teslim Edilecek
"Stewart, Sanchez and Rodriguez",information,25,2023-09-26 08:10:28,Lake Bethanyhaven,Bekliyor
"Taylor, Randolph and Weaver",opportunity,91,2023-11-06 18:35:43,Travisberg,Teslim Edildi
Branch and Sons,change,26,2023-06-15 13:40:41,Hansenside,Bekliyor
Harris PLC,learn,16,2023-08-28 06:53:49,Frederickburgh,Teslim Edildi
Brown PLC,attack,62,2023-10-23 02:31:22,Brownfort,Teslim Edilecek
Roberts-Walker,western,57,2024-01-06 06:25:36,Myersmouth,Teslim Edildi
"Edwards, Edwards and Gomez",turn,93,2024-02-02 20:42:34,Ruizland,Bekliyor
Green PLC,size,89,2023-07-23 04:40:21,New Erin,Bekliyor
"Johnson, Fitzgerald and Graham",ready,44,2024-01-21 12:24:03,Rebeccabury,Teslim Edilecek
"Ross, Harris and Scott",often,86,2023-06-21 11:51:05,South Amy,Bekliyor
Burnett Ltd,only,86,2023-04-07 21:38:53,Danielbury,Teslim Edilecek
Kim Inc,measure,78,2023-10-01 06:33:27,East Ashleyshire,Teslim Edildi
"Munoz, Garcia and David",probably,9,2023-06-11 11:41:33,New Alicia,Teslim Edildi
Weber and Sons,age,52,2023-02-23 18:46:35,Jamesmouth,Bekliyor
Wolfe Ltd,letter,18,2023-12-06 04:45:17,Kirkside,Bekliyor
Lozano Ltd,weight,25,2023-03-19 04:17:35,Lake Ashleyborough,Teslim Edildi
"Chen, Burton and Turner",kid,88,2024-02-03 12:02:06,Melissaland,Teslim Edildi
Mcknight-White,wife,29,2023-02-21 23:30:04,Wadeberg,Teslim Edilecek
Robinson-Poole,unit,63,2023-06-28 14:56:01,Christophermouth,Teslim Edildi
"Taylor, Wheeler and Gilbert",meet,20,2023-02-26 07:27:52,North Nicoleborough,Bekliyor
Smith and Sons,none,94,2023-08-06 11:25:13,Hooperburgh,Bekliyor
Gardner Group,answer,13,2023-11-27 15:01:47,Port Debramouth,Teslim Edilecek
Lewis-White,natural,94,2023-07-02 00:58:47,Brookefort,Bekliyor
"Snyder, Scott and Erickson",nor,37,2023-11-12 17:01:48,New Erin,Bekliyor
Pittman-Taylor,again,18,2023-07-31 21:23:03,Obrienmouth,Bekliyor
Bowman-Moss,end,9,2023-08-06 16:20:54,Wintersmouth,Teslim Edilecek
"Soto, Hamilton and Howard",force,33,2023-10-07 13:12:18,Adamfurt,Bekliyor
Matthews-Cruz,chair,9,2023-12-24 12:23:18,West Stephen,Teslim Edilecek
Williams-Ferguson,notice,70,2023-04-09 13:39:59,East Jerryland,Teslim Edilecek
Ray PLC,perhaps,9,2023-07-02 16:21:46,Petersonside,Bekliyor
Hess-Johnson,ability,7,2023-04-30 02:05:19,North Lisa,Teslim Edilecek
Gutierrez Inc,company,31,2024-01-07 09:55:49,North Michaelbury,Teslim Edilecek
"Edwards, Mitchell and Parsons",prevent,55,2024-02-07 05:19:57,Thompsonside,Bekliyor
"Jones, Powell and Robinson",election,73,2023-04-30 02:22:09,Garciaberg,Teslim Edilecek
Dixon and Sons,car,6,2023-03-18 20:20:00,West Jennifer,Teslim Edildi
"Rodriguez, Lara and Spears",sing,100,2023-07-24 06:47:11,South Tamarabury,Teslim Edilecek
Powell-Zavala,one,89,2024-02-09 16:54:26,East Tracey,Bekliyor
Weber-Rodriguez,base,63,2023-09-27 07:28:20,Collinsstad,Teslim Edilecek
Johnson-Kirk,eye,34,2023-11-02 09:40:01,Robertmouth,Teslim Edilecek
Phillips-Williams,main,10,2023-05-20 12:29:44,Port Marvin,Bekliyor
Farrell Group,firm,25,2024-02-10 15:27:26,Lake Angela,Teslim Edilecek
"Perry, Deleon and Horton",move,64,2023-03-06 10:34:46,Lake Madison,Teslim Edildi
Schroeder LLC,adult,27,2023-06-12 00:18:57,Hoganland,Bekliyor
Vasquez and Sons,movie,30,2023-04-09 10:09:58,Lake Deniseside,Bekliyor
"Fischer, Cunningham and Pugh",own,91,2023-10-02 13:19:32,New Claire,Bekliyor
Merritt LLC,manage,97,2023-08-30 02:22:44,Jeremyfort,Bekliyor
Anderson-Miller,police,53,2023-04-03 16:25:58,South Laura,Bekliyor
"Chambers, Garza and Curtis",hot,21,2023-11-10 11:30:47,West Kimberly,Bekliyor
Simmons Ltd,easy,45,2023-06-19 04:36:09,West Patrick,Bekliyor
"Mcintyre, Frye and Erickson",organization,2,2023-11-28 01:54:26,Reyesbury,Teslim Edildi
Bates Inc,star,77,2023-04-14 02:31:18,Ralphton,Teslim Edildi
Molina-Mcdaniel,possible,33,2023-10-07 00:46:16,North Gregorytown,Bekliyor
Rivera-Thomas,arm,93,2023-09-13 22:03:11,Ryanside,Bekliyor
Gonzalez-Black,Mrs,35,2023-09-23 09:21:57,Russellport,Teslim Edildi
Murphy PLC,network,19,2023-04-19 18:45:12,Ramosborough,Bekliyor
Sandoval and Sons,sure,15,2023-06-20 10:43:10,West Jennifer,Teslim Edildi
Smith Inc,out,70,2023-09-03 15:25:00,Meganmouth,Teslim Edildi
"Young, Taylor and Smith",town,4,2023-05-22 20:09:44,Lake Carla,Teslim Edildi
Herrera PLC,because,88,2024-01-23 04:43:22,South Jennifer,Teslim Edilecek
Jacobs-Brown,teacher,7,2023-11-19 14:22:49,South Wendyhaven,Teslim Edilecek
Perez Ltd,give,37,2023-06-20 04:05:08,West Peter,Teslim Edilecek
"Johnson, Cortez and Ramos",daughter,18,2023-07-31 21:05:40,Stacyland,Teslim Edilecek
Browning LLC,somebody,2,2023-03-22 05:18:52,South James,Bekliyor
Wilson-Long,home,78,2023-05-22 18:56:17,Fisherland,Bekliyor
Medina LLC,act,71,2023-09-17 15:20:04,Jessicamouth,Teslim Edilecek
"Butler, Nash and Gardner",significant,90,2023-06-30 19:00:58,Rachelbury,Bekliyor
Taylor-Byrd,maintain,91,2023-03-29 03:45:16,Lake Stephen,Teslim Edilecek
"Martinez, Harrison and Rollins",man,68,2023-08-04 22:59:00,South Victoriatown,Teslim Edildi
"Garcia, Petty and Compton",discover,50,2023-06-02 18:20:52,Brandonport,Teslim Edildi
"Nguyen, Young and Martinez",enter,18,2023-11-14 10:17:59,North Alexander,Teslim Edildi
Perez LLC,student,47,2023-07-26 21:56:55,North Kristin,Bekliyor
Fernandez and Sons,defense,81,2024-01-09 13:04:25,Christopherstad,Teslim Edilecek
Olsen Ltd,sing,67,2023-06-11 22:16:44,Lake Troytown,Bekliyor
Adams-Baker,movie,46,2023-05-12 23:18:42,Paulview,Teslim Edildi
Stokes-Marquez,guy,59,2023-04-22 06:55:17,Port Lisashire,Teslim Edildi
"Villarreal, Williams and Martinez",us,15,2023-06-02 03:01:19,Jessicashire,Bekliyor
"Flores, Vaughn and Savage",heart,50,2023-05-24 00:21:51,Robbinsville,Bekliyor
Young LLC,financial,60,2023-11-22 16:14:07,Pamland,Teslim Edilecek
"Thompson, Duke and Alexander",star,46,2023-09-16 19:26:30,Rojasview,Teslim Edildi
Conrad Inc,the,94,2024-02-11 17:11:28,Masonburgh,Teslim Edildi
"Martinez, Carr and Flowers",girl,71,2023-06-05 09:57:16,Reidchester,Bekliyor
Miller and Sons,wait,21,2023-05-27 11:18:48,Natashaview,Bekliyor
Morris-Carrillo,bar,80,2023-03-27 17:02:13,Snydermouth,Bekliyor
Sanchez LLC,effect,3,2023-04-17 23:13:48,Bentonland,Teslim Edilecek
Martin-Rowe,determine,88,2023-03-13 15:23:14,Pittmanview,Bekliyor
Lynn Ltd,human,37,2023-07-24 09:08:10,South Stephanieborough,Teslim Edildi
Walter LLC,ten,91,2023-04-19 11:52:31,Kevinmouth,Teslim Edildi
Roberts Inc,should,63,2023-05-04 03:58:12,South Michelleside,Teslim Edildi
Mcdonald-Watson,seven,43,2023-04-08 12:54:30,Michaelhaven,Teslim Edildi
King PLC,certainly,77,2023-06-23 03:33:22,Heatherberg,Bekliyor
Long and Sons,first,46,2023-03-30 23:02:22,Darrenshire,Teslim Edilecek
"Sparks, Mitchell and Ramos",director,78,2023-08-21 14:45:28,Lake Mitchell,Teslim Edildi
Garrett and Sons,available,58,2024-01-17 01:57:49,Port Amy,Teslim Edilecek
"Underwood, Flynn and Martin",life,81,2023-07-07 09:05:56,East Kenneth,Teslim Edilecek
Torres Inc,daughter,68,2023-03-09 12:47:04,South Joshuabury,Teslim Edildi
"Butler, Cooley and Griffith",child,62,2023-12-18 09:21:40,Ronnieport,Bekliyor
"Richards, Davis and Cunningham",them,41,2023-06-19 00:18:03,West Markside,Bekliyor
"Santiago, Liu and Warner",run,16,2023-05-27 01:57:11,West Jeffreyhaven,Bekliyor
Delgado Inc,money,54,2024-01-05 21:37:47,West Brent,Teslim Edildi
"Flores, Guzman and Riddle",card,81,2024-02-04 00:17:12,East Vanessa,Teslim Edilecek
Chavez-Adams,degree,62,2024-01-21 22:00:17,Josephville,Bekliyor
Golden-Ray,light,88,2023-10-31 16:24:10,North Jorge,Teslim Edildi
Brown and Sons,million,63,2023-10-20 06:43:27,Christophertown,Teslim Edilecek
Roberts-Nunez,travel,37,2023-08-17 11:59:56,West Heather,Teslim Edildi
"Bennett, Adams and Salinas",talk,81,2023-05-19 00:04:23,Madisonville,Bekliyor
Martinez PLC,their,65,2024-02-10 03:33:06,Kennethport,Teslim Edildi
Blake-Weiss,where,18,2024-01-01 14:47:37,South Courtney,Teslim Edildi
"Casey, Short and Reed",least,14,2023-06-26 16:57:34,East Robertburgh,Teslim Edilecek
Baker LLC,when,58,2023-08-20 12:57:11,Judyview,Bekliyor
James-Stevens,beautiful,87,2023-03-25 02:24:04,Arnoldfurt,Teslim Edildi
"Juarez, Green and Parker",decade,92,2023-11-14 06:06:28,Carrollland,Bekliyor
Davis LLC,tough,9,2023-12-04 19:58:50,Rodriguezfurt,Bekliyor
Williams-Moore,at,6,2024-01-09 02:22:37,North Duane,Teslim Edilecek
Faulkner-Johnson,dark,57,2023-10-01 03:19:57,Port Meagan,Teslim Edildi
Wells Group,international,24,2023-08-24 04:55:37,Brownberg,Teslim Edildi
Larson and Sons,ability,70,2023-12-30 15:26:58,South Connie,Teslim Edildi
Farrell LLC,age,48,2023-11-26 01:14:08,North Jonathan,Teslim Edildi
"Watkins, Stevenson and Perez",agency,86,2023-04-19 22:06:18,Port Dennis,Teslim Edilecek
Chandler Group,first,63,2023-10-30 10:31:39,Katiechester,Teslim Edilecek
"Dennis, Yoder and Arnold",station,20,2023-10-02 14:41:33,East Ashley,Teslim Edildi
Allen-Morris,indicate,33,2023-11-20 01:42:30,New Amyside,Bekliyor
Haney Inc,along,49,2023-05-27 19:35:13,Carolynborough,Teslim Edildi
Munoz-Webb,woman,20,2023-02-24 00:55:29,East Alexandra,Bekliyor
Smith-Thomas,kid,30,2023-07-27 10:21:46,Donnatown,Bekliyor
Taylor PLC,good,95,2023-11-04 10:58:00,Calderontown,Teslim Edilecek
Price Inc,center,83,2023-12-08 14:02:19,East Victor,Teslim Edilecek
Fitzgerald-Mays,different,4,2023-09-15 11:04:27,Port Bryanport,Bekliyor
Delgado-Howard,fear,53,2023-05-08 19:40:37,South Christine,Bekliyor
Casey-Stafford,free,34,2023-08-28 21:28:27,Emilyfurt,Teslim Edildi
Arnold-Myers,finally,19,2023-12-21 14:27:15,Ashleymouth,Bekliyor
Horn PLC,not,69,2023-09-12 22:32:38,Mathisville,Teslim Edilecek
Lopez-Lee,newspaper,66,2023-05-28 02:28:41,Deniseborough,Bekliyor
"Stafford, Goodman and Parker",vote,75,2024-01-09 12:34:13,Lake Brianna,Teslim Edildi
Frederick LLC,collection,26,2023-08-11 02:50:50,Troytown,Bekliyor
Johnson Group,current,80,2023-05-04 18:10:56,Taylorville,Teslim Edildi
"Phillips, Blevins and Wagner",tax,42,2023-03-05 17:36:05,Gailview,Teslim Edilecek
Burke-Shaw,my,28,2023-11-04 21:19:47,Lake Jenniferstad,Teslim Edilecek
Austin-Mills,she,13,2024-02-10 00:18:38,Port Martin,Teslim Edildi
"Mckee, Rios and Hunter",always,71,2023-06-28 14:00:54,West Kristenhaven,Bekliyor
"Evans, Moss and Flynn",risk,50,2023-11-16 19:05:25,Port Michael,Teslim Edilecek
"Ward, Arnold and Morgan",hold,100,2023-04-20 09:30:56,Jacksonborough,Bekliyor
"Garrett, Boyd and Patel",few,41,2023-08-30 05:45:02,Smithbury,Teslim Edildi
"Drake, Johnston and Blankenship",others,41,2023-10-03 20:30:31,New William,Bekliyor
Holland-Garcia,road,94,2023-05-23 12:05:56,New Daisyview,Teslim Edilecek
Kennedy Inc,similar,93,2023-02-28 04:21:37,Christineborough,Teslim Edildi
Fischer-Kelley,land,32,2023-03-01 16:40:38,Garnerburgh,Teslim Edildi
"Burton, Estrada and Davis",gun,26,2023-08-06 17:45:14,Port Amandaburgh,Teslim Edilecek
Mclaughlin-Morales,answer,22,2023-06-17 03:55:00,Millerberg,Teslim Edildi
Wong LLC,discuss,6,2023-07-26 21:03:34,Colemouth,Teslim Edilecek
Haynes-Robinson,record,83,2023-11-17 04:04:24,Howardchester,Teslim Edilecek
Wood Inc,participant,41,2023-03-21 14:26:13,North Jesusport,Bekliyor
Johnson Inc,entire,79,2023-12-05 21:54:22,Wadeside,Teslim Edildi
"Vega, Cox and Edwards",yeah,43,2023-09-16 09:50:24,Kaylaland,Teslim Edildi
Davis-Shah,friend,8,2024-01-08 08:51:43,Armstrongport,Teslim Edilecek
Gross Inc,develop,25,2024-02-06 01:36:17,Woodton,Teslim Edilecek
Pierce PLC,pressure,29,2024-02-17 07:30:33,Joannstad,Teslim Edildi
White Inc,especially,30,2023-11-05 06:44:43,Michaelland,Teslim Edildi
"Smith, Beck and Russell",large,96,2023-04-25 06:08:46,Port Brian,Teslim Edildi
Kim-Garrison,however,33,2023-03-20 13:36:06,Harperborough,Bekliyor
Gray Group,apply,92,2023-09-01 00:34:26,Hendersonhaven,Teslim Edildi
Huffman PLC,alone,49,2023-09-17 22:45:40,Jameston,Teslim Edildi
Cummings Inc,meet,82,2023-04-20 03:40:31,Romeroview,Bekliyor
"Taylor, Hill and Woods",base,80,2023-05-23 08:22:03,East Rodney,Teslim Edilecek
Olson-Tucker,give,65,2023-08-25 17:46:09,Emilyfort,Bekliyor
Wilson Ltd,popular,7,2024-01-26 19:22:44,Port Natalie,Teslim Edilecek
Mills Group,capital,9,2024-01-10 17:25:23,Davidchester,Teslim Edildi
Fowler-Joyce,hard,30,2023-03-14 00:43:33,East Angela,Bekliyor
Stone LLC,fine,76,2023-08-02 05:54:27,Garciaton,Teslim Edildi
Peters-Cox,common,55,2023-05-02 17:29:00,South Jessicafurt,Teslim Edilecek
"Adams, Walker and Nixon",by,69,2023-03-14 21:02:32,Jillport,Teslim Edilecek
Sanchez-George,fine,32,2023-09-08 19:28:28,Lake Melissaview,Teslim Edildi
Harrell-Holmes,new,91,2024-02-01 19:55:58,Jordanchester,Bekliyor
Campbell Ltd,building,40,2023-05-22 12:14:43,West Jason,Bekliyor
"Ward, Medina and Carlson",son,48,2023-06-04 20:51:04,Mcleanfurt,Teslim Edildi
Salas-Brown,drug,30,2023-08-19 20:35:55,Jimtown,Teslim Edilecek
Jones-Burch,bit,84,2023-02-26 00:12:19,Victorborough,Bekliyor
Donaldson-Lewis,answer,98,2023-07-23 03:46:11,East Christopher,Teslim Edildi
Vasquez Inc,likely,78,2023-07-23 12:41:43,East Larrystad,Bekliyor
Becker PLC,herself,37,2023-12-12 12:26:54,Port Amber,Bekliyor
Brown-Hicks,sister,97,2024-02-16 02:10:33,East Lindamouth,Teslim Edildi
"Wilson, Butler and Morrow",agree,45,2023-11-05 02:30:46,Madelinetown,Teslim Edildi
"Yates, Buck and Smith",debate,25,2023-03-19 13:50:04,Port Christophermouth,Teslim Edilecek
Bradford-Lucas,floor,41,2023-03-14 07:51:23,Tylerton,Teslim Edildi
Robertson-Hernandez,major,93,2023-08-05 03:07:03,Port Keith,Teslim Edildi
Suarez-Bowers,run,27,2023-11-29 01:45:03,New Stephanie,Teslim Edildi
Ruiz-Browning,can,26,2024-02-16 22:58:51,South Danieltown,Teslim Edildi
"Howard, Hood and Mullins",box,66,2023-04-29 19:33:21,Grimesland,Bekliyor
Osborne Inc,increase,14,2023-11-03 01:37:18,Jordanport,Teslim Edilecek
"Keller, Long and Rodriguez",find,37,2023-11-04 13:03:07,New Jeremymouth,Teslim Edildi
"Harris, Vaughn and Davis",security,87,2023-04-21 12:10:24,Williamfurt,Teslim Edildi
"Shaw, Burke and Johnston",point,97,2023-03-22 09:38:34,Jessicaburgh,Teslim Edilecek
Farley PLC,adult,82,2023-05-21 04:13:38,Smithhaven,Bekliyor
Miller-Murray,production,33,2023-12-11 07:56:10,Patrickchester,Teslim Edildi
Hernandez Group,least,43,2023-03-10 19:46:41,Port Katrinabury,Teslim Edilecek
Mcguire and Sons,I,62,2023-08-24 21:45:01,South Ronnie,Teslim Edilecek
"Odom, Hernandez and Romero",throw,10,2023-10-26 16:51:08,North Melissastad,Teslim Edilecek
"Hernandez, Deleon and Simpson",state,90,2023-07-02 16:30:54,Port Luisville,Teslim Edilecek
"Miller, Mcdowell and King",hear,90,2023-07-13 06:20:19,Ashleyburgh,Teslim Edilecek
Brady LLC,like,71,2023-11-13 07:53:48,West Christie,Teslim Edilecek
Macdonald-Navarro,technology,93,2023-11-03 10:19:45,Jaimeberg,Bekliyor
"Hays, Smith and Ramirez",the,21,2024-01-05 17:47:43,Gordonfort,Teslim Edildi
Jackson-Fisher,avoid,98,2023-02-22 14:58:09,East Nicholas,Bekliyor
Lee PLC,appear,40,2023-03-01 06:04:16,Lloydmouth,Teslim Edildi
Stanley-Reynolds,prepare,99,2023-06-04 03:19:15,West Joseph,Teslim Edilecek
Mitchell LLC,social,79,2023-07-18 14:57:23,South Sarahview,Teslim Edilecek
Mendez-Hess,sell,75,2023-10-13 01:38:39,Hamiltontown,Bekliyor
"Rodriguez, Villa and Hartman",present,64,2023-02-21 14:10:13,West Tanya,Teslim Edildi
Greene-Mahoney,finish,95,2023-07-29 23:08:33,Ryanport,Bekliyor
"Kelly, Jimenez and Summers",fall,82,2023-07-15 00:03:56,East Gregoryfort,Teslim Edildi
Mann PLC,air,52,2024-01-28 03:56:49,Carlton,Teslim Edilecek
Contreras Inc,difficult,78,2023-09-26 21:52:17,Justinchester,Teslim Edilecek
Hoffman and Sons,soldier,82,2023-12-24 15:11:50,East Victoriafurt,Teslim Edilecek
Stokes-Brown,old,83,2024-02-06 03:27:31,Cherylberg,Teslim Edilecek
"Hernandez, Macdonald and Brown",offer,37,2024-01-10 01:48:43,West Kevin,Teslim Edilecek
Hernandez-Lee,there,66,2023-11-18 08:49:32,New Ericberg,Bekliyor
Green Group,ready,80,2023-06-23 18:04:22,New Jessemouth,Bekliyor
Fuentes-Cole,pattern,65,2023-09-07 12:46:38,Garciaport,Teslim Edildi
"Rodriguez, Chandler and Edwards",whose,68,2023-04-24 11:46:07,Hendersonland,Teslim Edilecek
Castillo Ltd,certain,50,2024-02-02 00:30:08,Jessemouth,Bekliyor
Braun-Allison,trial,7,2023-08-29 17:48:49,Port William,Teslim Edildi
"Young, Davis and Rodriguez",turn,55,2023-10-08 12:26:35,Stacyton,Teslim Edildi
Lloyd-Campbell,who,75,2023-10-12 14:17:13,Cookfurt,Teslim Edildi
Ayala-Taylor,either,46,2023-12-21 14:34:03,Leonardland,Teslim Edildi
Rodriguez Group,deal,36,2023-06-04 20:41:21,Boonehaven,Teslim Edildi
"Nelson, Chavez and Santiago",staff,25,2023-10-10 16:39:05,South Victoriaberg,Bekliyor
Robinson LLC,own,7,2023-05-29 05:17:11,Barnesshire,Bekliyor
"Wilson, Burns and Stewart",design,22,2024-01-13 11:22:54,Kristieport,Teslim Edilecek
Johnson-Gutierrez,wide,20,2023-03-12 07:00:36,New David,Teslim Edilecek
Murphy PLC,head,90,2023-11-12 18:21:34,Lake David,Bekliyor
Jenkins Ltd,leader,70,2023-08-30 13:35:41,Marissafurt,Teslim Edildi
"Fisher, Jones and Moore",seem,94,2023-03-20 09:59:07,Sharonborough,Teslim Edildi
Hamilton Ltd,visit,11,2023-11-03 09:45:34,North Jeffrey,Bekliyor
Wilson Group,together,88,2023-03-02 21:54:52,South Michaelside,Bekliyor
"Jackson, Taylor and Owens",player,48,2023-09-04 18:29:27,Sarahmouth,Teslim Edildi
"Smith, Daniels and Payne",usually,79,2023-02-21 20:55:54,Martinmouth,Bekliyor
Cole-Burnett,wall,76,2023-02-27 16:14:32,Lake Jeffreyfort,Bekliyor
Richard LLC,make,6,2024-02-14 12:01:24,East Matthew,Bekliyor
Kennedy Ltd,conference,93,2023-03-19 07:47:32,Port Lorihaven,Teslim Edilecek
Bennett and Sons,cause,61,2023-12-21 10:49:46,Harrisshire,Teslim Edilecek
"Johnson, Green and Lara",learn,48,2023-10-21 06:08:47,Russellhaven,Teslim Edildi
"Leon, Phillips and Ortiz",technology,64,2023-08-04 08:29:59,Reyeston,Bekliyor
Guzman and Sons,method,46,2024-02-13 14:05:22,Taylormouth,Teslim Edildi
Hammond-Hamilton,especially,76,2023-03-17 01:07:54,West Susan,Bekliyor
"Williams, James and Smith",suffer,19,2023-08-28 06:52:01,East Amandachester,Teslim Edildi
"Farley, Chavez and Taylor",such,12,2023-07-21 15:34:40,West Alexis,Teslim Edildi
"Lee, Bradshaw and Lane",fire,63,2023-05-25 04:20:04,East Ellenchester,Teslim Edildi
Reynolds PLC,during,10,2023-07-07 22:19:15,Bowenview,Teslim Edilecek
Cruz-Martinez,medical,72,2024-02-05 12:36:46,Howardtown,Teslim Edilecek
Phillips LLC,course,87,2023-05-13 09:07:39,Nicolechester,Teslim Edilecek
"Warren, Allen and Hamilton",new,15,2023-05-19 12:23:04,Blackville,Teslim Edildi
Leblanc LLC,beautiful,21,2023-10-18 04:28:59,Grossland,Teslim Edilecek
Chavez-Burke,stand,85,2023-07-21 11:42:05,Lake Stevenfort,Bekliyor
Miller-Smith,not,81,2023-03-30 03:38:37,West Alicia,Bekliyor
"Fisher, Stone and Sullivan",join,47,2023-11-19 12:59:27,New Michaelshire,Teslim Edildi
"Robinson, Davis and Cooper",agency,15,2023-04-22 10:31:49,Jamesburgh,Bekliyor
Diaz-Evans,human,19,2023-03-03 22:07:24,Matthewshire,Teslim Edilecek
Martinez-Smith,debate,33,2023-02-26 00:50:20,Port Melanieberg,Teslim Edilecek
"Stephens, Hopkins and Rush",program,99,2023-09-23 07:01:33,West Paulaland,Teslim Edildi
Ritter and Sons,war,37,2024-01-18 13:56:44,Lake Brendaland,Teslim Edilecek
"Kelly, Cole and Price",market,1,2023-06-06 00:59:33,East Jeremy,Teslim Edildi
Shaw LLC,poor,82,2023-05-31 18:59:02,Lake Tamara,Teslim Edilecek
Medina-White,you,70,2023-09-10 21:24:23,Port Peter,Teslim Edildi
"Thompson, Newton and Short",chair,83,2023-09-27 16:35:10,Steinmouth,Teslim Edilecek
"Richardson, Cunningham and Ray",hope,94,2023-09-10 19:00:54,Lesliefurt,Bekliyor
"Kline, Henry and Francis",determine,16,2023-04-23 00:28:28,Anthonyfort,Teslim Edilecek
"Cross, Rodgers and Frederick",finally,46,2023-06-15 20:31:40,Amberbury,Teslim Edildi
Hancock LLC,should,19,2023-05-25 06:42:37,Lake Jason,Teslim Edilecek
Smith and Sons,look,92,2023-04-17 19:26:55,Donaldfort,Bekliyor
Terry Ltd,data,70,2023-10-17 22:55:20,Soniaview,Bekliyor
Humphrey-Barnett,than,26,2023-10-29 10:49:10,Whiteville,Teslim Edildi
Williams Ltd,house,83,2023-05-14 20:25:55,Hoberg,Teslim Edildi
Wallace and Sons,answer,30,2023-09-19 10:57:55,Port Adrianfurt,Teslim Edildi
"Foster, Hernandez and Adams",rather,77,2023-04-18 07:39:26,South Juan,Teslim Edilecek
Abbott-Brandt,perhaps,9,2023-08-07 08:02:29,Port Alexisville,Teslim Edildi
"Powers, Jones and Bonilla",seem,28,2023-08-28 12:06:48,Stephenport,Teslim Edilecek
"Harrison, Lopez and James",she,15,2023-07-17 12:51:57,Port Carlos,Teslim Edildi
Baldwin-Sanchez,meeting,25,2023-06-07 22:42:56,Amandamouth,Bekliyor
Holland and Sons,green,24,2023-03-19 11:58:05,East Pamelaton,Bekliyor
"Madden, Goodwin and Ramos",it,75,2023-06-13 07:08:45,Jenniferstad,Bekliyor
Chapman LLC,police,74,2023-08-25 17:20:17,Josephbury,Bekliyor
Williams Ltd,energy,94,2023-09-10 10:04:10,Bartlettshire,Teslim Edilecek
Esparza and Sons,performance,80,2024-02-17 03:23:04,Batesfort,Teslim Edilecek
"Johnson, Morrison and Ryan",address,33,2023-10-30 00:41:17,Lefurt,Teslim Edilecek
Stephens and Sons,defense,71,2023-06-18 07:56:12,Loganfort,Teslim Edilecek
"Hutchinson, Griffith and Anderson",he,51,2023-04-17 01:27:05,Clarkechester,Teslim Edildi
"Sanchez, Jones and Hammond",tree,86,2023-05-13 06:07:27,Ruizchester,Teslim Edildi
"Hardy, Adams and Zuniga",stock,39,2023-04-23 06:03:42,West Teresachester,Teslim Edildi
"Turner, Rios and Huff",owner,13,2023-10-28 02:28:29,Lake Scottton,Bekliyor
Schroeder PLC,relate,42,2023-11-28 22:05:34,West Kaylee,Teslim Edilecek
"Smith, Walls and Brown",produce,17,2023-08-13 19:53:08,Jocelynborough,Teslim Edilecek
Guerrero Ltd,American,16,2023-03-27 21:05:43,West Wendymouth,Teslim Edildi
"Macdonald, Smith and Evans",simple,100,2023-09-12 06:58:24,Lake Joshua,Bekliyor
"Vance, Flores and Campbell",especially,2,2023-09-13 03:45:57,Emmamouth,Teslim Edilecek
Reilly Ltd,future,25,2023-12-07 11:42:58,Lake Erin,Bekliyor
Daniels-Knight,cold,36,2023-03-22 14:51:46,Paulmouth,Bekliyor
Cooper-Bell,some,89,2023-08-07 22:02:11,East Jacob,Bekliyor
Orozco-Walsh,that,23,2023-04-11 13:39:22,Lake Robinview,Teslim Edildi
Ward Ltd,picture,87,2023-03-26 21:39:23,North Jose,Bekliyor
Atkins Ltd,evening,99,2023-09-20 04:13:27,East Kathybury,Teslim Edildi
"Williams, Cruz and Moreno",of,24,2023-08-05 14:46:33,Troymouth,Bekliyor
Owens-Fisher,election,31,2023-12-21 14:13:01,New Thomasfort,Teslim Edilecek
Murray PLC,ability,8,2023-03-16 00:38:26,Port Nathanielbury,Teslim Edildi
Hall-Perez,occur,61,2023-11-29 01:26:17,Davidport,Teslim Edildi
Rice-Soto,church,27,2023-10-22 10:49:43,South Christopherburgh,Bekliyor
Huffman Inc,put,2,2023-04-08 03:15:20,Lake Joannachester,Teslim Edildi
"Frazier, Waters and Mccann",vote,58,2023-07-25 10:33:06,Emilyberg,Bekliyor
"Caldwell, Black and Day",successful,50,2024-02-17 13:54:08,Smithview,Bekliyor
Chung LLC,receive,32,2024-01-01 13:47:37,Davidmouth,Teslim Edildi
Hansen Group,you,93,2024-01-22 02:37:34,Juliemouth,Bekliyor
Torres-Wade,current,60,2023-04-19 08:40:11,Port Natalieport,Bekliyor
Edwards PLC,right,81,2023-02-20 00:42:13,West Lisafurt,Bekliyor
Solis Group,whole,8,2023-05-20 20:34:21,Chrisfurt,Teslim Edildi
Smith-Hoover,example,15,2023-03-06 23:15:28,New Bruce,Teslim Edildi
Romero and Sons,source,75,2023-10-16 05:48:10,Calvinton,Teslim Edildi
Green and Sons,street,25,2023-02-21 04:28:22,Lake Aaron,Bekliyor
Lloyd LLC,herself,58,2023-10-19 17:34:47,Port Reneechester,Teslim Edilecek
"Rubio, Fisher and Stewart",decade,87,2023-12-08 18:04:18,Anthonychester,Bekliyor
Swanson-Stanley,six,57,2023-06-13 20:52:01,Alexshire,Bekliyor
Cooper and Sons,allow,81,2023-03-23 15:54:53,Tuckerburgh,Teslim Edildi
Bruce-Young,message,32,2023-11-10 01:23:05,West Patricia,Bekliyor
"Wood, Mendoza and Mathews",state,95,2023-12-01 12:30:04,North Latasha,Teslim Edildi
"Anderson, Johnson and Flores",hear,69,2023-07-06 07:53:00,Changside,Bekliyor
Harrison Group,mother,72,2024-02-05 01:57:28,Mccallfurt,Teslim Edilecek
"Williams, Owens and Lynch",discover,73,2023-12-19 22:54:53,Autumnburgh,Bekliyor
Lopez-Watts,society,67,2023-07-10 04:07:31,Youngmouth,Teslim Edilecek
"Perry, Frederick and Wood",goal,18,2023-02-27 23:43:03,Lake Michael,Bekliyor
Coleman-Lamb,state,67,2024-02-02 23:58:53,Stevenburgh,Bekliyor
Simmons PLC,out,20,2023-04-17 07:41:51,West Davidfort,Teslim Edildi
Stone-Brown,national,50,2023-05-18 07:33:04,Amyborough,Teslim Edilecek
"Vasquez, Bell and Dixon",factor,54,2023-07-15 18:54:29,West Paul,Bekliyor
Bush-Daniels,medical,39,2023-11-09 12:12:46,Sandrastad,Teslim Edildi
"Perez, Santiago and Huffman",market,16,2023-03-30 00:40:26,Blackville,Teslim Edilecek
"Austin, Fletcher and Long",now,66,2023-03-23 06:02:04,Port James,Teslim Edildi
Greene-Mcgee,decision,5,2023-09-28 17:00:16,South Dalestad,Teslim Edilecek
Boone PLC,message,98,2023-11-15 18:12:58,Blairside,Teslim Edilecek
Rush LLC,writer,77,2023-10-05 20:25:05,New Jon,Bekliyor
"Green, Brown and Jimenez",reach,12,2023-05-06 21:46:23,New Dean,Teslim Edilecek
Sosa-Jenkins,notice,85,2024-02-12 23:14:47,Hutchinsonstad,Teslim Edildi
Adams Inc,well,94,2023-03-28 15:35:30,North Tammyberg,Teslim Edildi
"Mcguire, Lopez and Delgado",knowledge,19,2023-08-28 14:28:00,Scottmouth,Teslim Edildi
"Watson, Shah and Woods",rock,66,2024-01-10 00:41:57,Hannahburgh,Teslim Edildi
"Wagner, Jordan and Contreras",both,9,2023-09-09 07:20:48,Amberburgh,Teslim Edilecek
Rogers-Young,citizen,70,2023-05-28 20:54:24,Waltershaven,Teslim Edilecek
Fowler LLC,society,40,2024-01-03 18:44:32,Barberhaven,Teslim Edildi
Vaughn Group,fast,76,2023-08-04 15:23:59,Marymouth,Teslim Edildi
"Harrell, Kelly and Miller",ok,81,2023-08-01 00:10:36,South Melissaport,Bekliyor
Harris PLC,sister,7,2024-02-07 21:18:10,Richardchester,Teslim Edilecek
Ashley and Sons,information,64,2023-12-31 05:52:36,Parkerberg,Teslim Edildi
"King, Martinez and Smith",hit,66,2023-08-07 01:40:01,Williamston,Teslim Edilecek
"Chang, Harris and Martin",call,79,2023-03-01 21:08:09,Valeriebury,Bekliyor
"Short, Jackson and Gill",describe,97,2023-10-21 18:50:02,South Ronald,Teslim Edilecek
Carter-Frye,detail,30,2023-04-05 03:22:49,Jenniferside,Bekliyor
Hernandez-Mccall,fund,54,2023-05-08 19:04:32,Wilsonside,Bekliyor
"Spencer, Gross and Waters",first,70,2024-01-21 18:03:50,Moralesland,Bekliyor
"Murphy, Berger and Hunt",play,88,2023-06-17 06:06:12,Toddside,Teslim Edildi
Harris and Sons,it,63,2023-04-17 01:06:08,West Bryanhaven,Bekliyor
Porter-Atkins,serve,87,2023-04-29 18:21:35,Bergerton,Bekliyor
Jones Ltd,social,58,2023-04-30 22:46:40,Jasonside,Bekliyor
Pruitt PLC,defense,99,2023-06-27 22:29:52,Moraleston,Bekliyor
Diaz LLC,away,70,2023-09-03 09:08:06,East Rachel,Bekliyor
Zhang-Lopez,process,2,2023-11-20 05:59:54,North Johnfort,Teslim Edilecek
Johnson-Case,assume,77,2023-10-03 20:30:07,Robinsonfurt,Teslim Edilecek
Mcconnell-Martinez,nature,94,2024-01-20 19:12:28,New Brian,Teslim Edilecek
Gilbert LLC,page,42,2023-12-15 15:39:44,Lake James,Bekliyor
Carroll PLC,should,100,2023-07-06 19:08:02,Lake Sarah,Bekliyor
"Davis, Alvarado and Wallace",again,92,2024-01-10 11:46:02,West Jeremyfurt,Bekliyor
Graves-Eaton,green,53,2023-05-24 18:36:09,Scottfurt,Bekliyor
Ellis Inc,such,39,2023-08-13 23:13:05,Christopherfurt,Teslim Edildi
"Parker, Meyer and Williams",very,81,2023-09-11 05:20:01,Brittanyfort,Teslim Edildi
Davis Inc,news,9,2023-09-12 07:35:15,Shawnchester,Teslim Edilecek
Shepherd-Cook,up,20,2023-09-14 23:25:37,North Codyberg,Teslim Edildi
Hall LLC,end,52,2023-04-21 19:09:16,North Russellberg,Bekliyor
Brown Inc,west,98,2023-08-02 10:05:01,Georgeshire,Bekliyor
"Johnson, Andrade and Martinez",only,55,2023-02-21 01:46:03,North Jenniferburgh,Bekliyor
Elliott PLC,business,27,2024-02-06 14:10:42,Port Vanessaview,Teslim Edildi
"Patrick, Cohen and Graham",final,71,2024-02-04 08:32:50,Michaelhaven,Teslim Edilecek
Mills and Sons,often,74,2023-12-04 05:25:36,East Davidville,Teslim Edilecek
Terry Inc,begin,31,2023-08-08 06:57:27,West Sandrafort,Teslim Edilecek
"Martin, Paul and Bryant",young,17,2023-07-20 17:54:55,Lake Jillfort,Teslim Edilecek
"Ryan, Woods and Molina",as,13,2024-01-14 10:45:09,Wrightburgh,Teslim Edilecek
Hampton-Gomez,recent,13,2024-02-06 03:04:08,Michaelmouth,Teslim Edilecek
Best-Parsons,well,85,2024-01-21 02:35:24,New Maryfort,Bekliyor
Bailey-Robinson,follow,30,2023-04-24 17:43:59,Lake Matthewshire,Teslim Edildi
Atkins-Banks,manager,57,2024-01-01 14:59:19,Youngberg,Teslim Edildi
Henry PLC,perform,79,2024-02-04 21:22:17,Kristinbury,Teslim Edildi
Gillespie PLC,under,40,2023-09-04 00:32:42,North William,Teslim Edildi
Washington and Sons,point,17,2023-08-31 13:28:38,Lisamouth,Teslim Edilecek
Porter-Carey,conference,87,2023-03-08 13:56:17,Mccoyview,Teslim Edildi
"Barrett, Page and White",people,52,2023-11-21 07:48:44,Mendozaside,Bekliyor
Nguyen Inc,again,25,2024-01-29 23:52:50,Jennaborough,Teslim Edilecek
"Cohen, Jones and Jackson",reveal,75,2023-07-13 10:34:47,Floresfort,Teslim Edilecek
"Moreno, Powell and Atkins",item,66,2023-10-05 03:43:25,New Spencerfurt,Teslim Edilecek
"Bates, Howard and Khan",ability,45,2023-11-19 08:12:27,Lake Lisa,Teslim Edildi
"Mcbride, Collins and Morgan",cold,4,2023-08-16 09:57:25,Garciaport,Teslim Edilecek
Tucker Ltd,teach,68,2023-06-12 13:00:02,Dawsonport,Teslim Edilecek
Lewis and Sons,see,1,2023-07-28 19:18:48,Allenborough,Teslim Edildi
Hamilton Ltd,billion,23,2024-01-28 15:49:24,West Michael,Bekliyor
"Leach, Rios and Perez",them,77,2023-11-22 05:02:51,Heatherhaven,Teslim Edilecek
Simon-Chang,only,87,2024-01-10 21:16:27,South Thomasstad,Bekliyor
Cohen Group,anyone,100,2024-01-04 12:40:35,Juliafort,Teslim Edildi
Frank Group,president,87,2023-08-08 13:17:00,Jessicastad,Bekliyor
Huff LLC,still,9,2023-02-25 17:11:36,Lake Amy,Teslim Edilecek
Chambers Ltd,position,47,2023-04-13 07:16:42,Coleland,Bekliyor
"Cole, Mcintyre and Turner",sea,2,2023-11-24 12:17:56,East Maryberg,Teslim Edilecek
Evans-Mccann,help,97,2023-11-12 08:26:14,New Jessicamouth,Teslim Edilecek
"Morris, Walters and Scott",action,78,2023-12-07 07:02:19,North Sierratown,Bekliyor
Byrd-Watson,source,21,2024-01-17 01:20:31,Andersonburgh,Bekliyor
"Gallagher, Schmidt and Hardy",have,49,2023-04-15 02:18:27,Stevenfurt,Teslim Edildi
"Patterson, Golden and Monroe",school,71,2023-07-04 22:42:45,Tylertown,Teslim Edilecek
"Bates, Salinas and Horton",Congress,62,2023-11-14 19:44:27,South Eric,Bekliyor
Campbell-Ryan,word,32,2024-02-04 19:22:08,Garciaside,Teslim Edildi
Cruz Group,born,3,2023-08-06 12:41:02,Lake Jennifer,Bekliyor
"Rodgers, Perez and Lewis",morning,28,2024-01-24 02:04:39,South Breanna,Bekliyor
Allen-Ramirez,day,69,2023-05-02 15:04:51,Wigginsland,Bekliyor
Grant-Waters,total,72,2023-10-14 13:04:02,Darrenfort,Teslim Edilecek
"Cole, Simon and Day",card,36,2023-03-25 03:48:04,Nathanberg,Teslim Edilecek
"Castillo, Turner and Smith",weight,59,2023-12-17 16:41:21,Youngfurt,Bekliyor
Alexander Inc,think,69,2023-12-30 05:43:48,Port Marco,Bekliyor
"Johnson, Ford and Odom",rate,65,2023-09-05 11:08:42,East Alexside,Bekliyor
"Roberson, Wilson and Nichols",quite,22,2023-06-21 23:07:26,North Patriciabury,Bekliyor
"Buckley, Johnson and Phillips",approach,15,2023-08-14 05:00:17,Jenkinsville,Teslim Edildi
Hahn Group,eight,84,2023-12-26 18:41:06,Michaelfurt,Bekliyor
Walker-Wheeler,ahead,90,2023-03-13 02:10:34,Coopershire,Teslim Edildi
"Massey, Johnson and Davis",several,89,2023-10-11 00:11:46,New Barbara,Teslim Edildi
Huang-Freeman,brother,13,2023-05-22 03:02:28,New Jasonton,Bekliyor
Duarte-Snow,manager,29,2023-05-15 03:35:25,East Donna,Teslim Edildi
Harris Inc,financial,42,2023-05-08 17:36:01,New Toddstad,Teslim Edilecek
Perez-Vance,develop,14,2023-05-23 13:44:19,Sullivanchester,Bekliyor
Ramirez LLC,audience,7,2023-12-15 20:43:03,North Tara,Teslim Edilecek
Boyle-Thompson,size,32,2023-06-05 06:58:01,Frosthaven,Teslim Edilecek
Davis Group,PM,12,2024-02-17 21:28:41,South Sean,Teslim Edildi
"Knight, Sullivan and Hunt",condition,80,2024-01-03 17:21:21,Garyhaven,Teslim Edildi
Strickland-Vaughan,president,28,2023-12-16 01:33:43,Alfredshire,Teslim Edilecek
Hester-White,run,99,2023-12-23 05:41:43,Virginiaville,Bekliyor
Thomas-Neal,federal,8,2023-10-25 01:22:42,Garciashire,Teslim Edildi
Martinez Group,seem,17,2023-09-08 14:22:31,North William,Teslim Edilecek
Holt PLC,trip,15,2023-12-01 08:19:07,West Teresafort,Teslim Edildi
"Davies, Lopez and Hunt",successful,48,2024-02-17 19:27:51,New Stephen,Bekliyor
"Smith, Jackson and Herman",still,10,2023-05-27 18:25:21,Lake Laceyville,Teslim Edildi
"Jones, Cook and Swanson",direction,2,2023-12-31 00:17:30,East Christine,Teslim Edilecek
Rogers-Harmon,author,24,2023-11-24 16:32:37,South Christian,Teslim Edilecek
"Berry, Henry and Soto",radio,68,2023-07-05 19:52:39,Lake Matthew,Teslim Edilecek
"Alvarez, Rodriguez and Wilson",area,72,2023-11-15 01:50:36,Port Jonathan,Teslim Edilecek
Green Inc,that,91,2023-06-11 07:03:03,Williamsberg,Teslim Edildi
Freeman Group,team,83,2023-09-25 18:51:54,Meredithport,Bekliyor
"Adams, Schmidt and Acosta",serve,21,2024-01-24 09:28:02,East Josephberg,Teslim Edilecek
Jackson-Blanchard,degree,2,2023-04-05 08:41:02,New Chadborough,Teslim Edildi
Simon-Cole,live,37,2023-08-16 02:03:31,New Kristinborough,Bekliyor
Foster-Vargas,art,77,2023-06-16 15:10:34,Port Suzanneport,Teslim Edilecek
Brock PLC,threat,59,2023-08-24 10:58:35,New Ricardoland,Bekliyor
Harmon-Welch,term,36,2023-08-22 08:43:16,Vincentland,Bekliyor
Jones-Macdonald,how,76,2023-07-12 05:42:22,Lake Justin,Teslim Edilecek
"Dean, Davis and Johnson",deep,56,2023-12-22 09:06:12,Leemouth,Teslim Edildi
"Mcconnell, Knight and Nelson",kid,47,2023-07-01 08:14:01,East Brenttown,Teslim Edilecek
Flores Group,lead,68,2023-08-04 09:02:04,Lake Jamesfort,Teslim Edildi
Turner-Weaver,bit,40,2024-02-17 21:16:54,Thomasview,Bekliyor
"Kim, Parker and Henry",character,13,2023-06-01 13:11:19,Petersburgh,Teslim Edildi
Stewart Group,set,40,2023-07-28 20:09:01,Evansfurt,Bekliyor
Arnold LLC,tax,37,2023-10-08 11:48:08,Rosemouth,Bekliyor
"Hardin, Perry and Garcia",material,68,2023-03-03 09:41:22,Port Scott,Bekliyor
"Bowman, Miller and Wiley",through,74,2024-02-03 20:05:11,East Brendatown,Bekliyor
"Matthews, Trevino and Baker",which,1,2023-09-11 12:54:13,Christinaland,Bekliyor
Mills-Kelly,if,32,2023-05-01 16:15:19,Port Donald,Bekliyor
Torres-Cox,husband,40,2023-03-05 19:42:02,East Barbara,Teslim Edilecek
Barnett-Brown,create,51,2024-02-07 00:35:36,South David,Teslim Edilecek
Weaver Ltd,evening,82,2023-03-24 02:11:49,New Hollyview,Teslim Edilecek
Cooper-Jones,nature,90,2023-08-30 00:39:14,West Martin,Bekliyor
"Jones, Sanders and Middleton",three,57,2024-01-14 02:13:33,Williamstown,Teslim Edilecek
Savage Ltd,focus,78,2023-02-19 22:45:22,North Leahhaven,Bekliyor
"Sanchez, Santana and Ali",staff,21,2024-02-03 02:41:58,New Brettburgh,Teslim Edilecek
"Lopez, Douglas and Boyd",science,25,2023-06-06 09:07:19,Port Kennethberg,Teslim Edildi
Adams Ltd,fine,52,2023-04-05 23:19:55,Stevenview,Teslim Edildi
"Griffin, Peterson and Taylor",man,21,2023-09-23 06:11:53,West Natalie,Teslim Edildi
"Young, Cortez and Clark",eat,63,2023-11-22 21:57:33,Port Tina,Teslim Edilecek
Campbell and Sons,best,48,2023-06-14 18:05:17,Sanchezhaven,Teslim Edildi
Knight Inc,however,73,2023-04-08 08:01:36,West Jenniferchester,Bekliyor
Johnson LLC,course,10,2023-02-27 21:26:39,Kennethville,Bekliyor
"Wright, Phillips and Reyes",authority,67,2023-06-15 22:57:54,Port Charles,Teslim Edilecek
Flores-Thompson,onto,44,2023-08-23 12:50:07,Brandonfurt,Teslim Edildi
Walker-Davis,race,74,2023-07-17 15:09:35,Taylorshire,Bekliyor
"Roach, Goodman and Foster",laugh,19,2023-09-04 10:02:04,Samanthashire,Bekliyor
Lawson Inc,human,43,2023-07-29 23:39:04,North Jeanhaven,Bekliyor
Monroe-Coleman,believe,80,2023-08-22 03:15:38,Moralesville,Bekliyor
Rivera PLC,back,92,2023-10-09 11:43:35,East Larryfurt,Teslim Edildi
Santiago Inc,be,1,2023-11-29 03:02:00,Michelleburgh,Teslim Edildi
Lee LLC,where,54,2023-09-22 16:44:23,South Krystalshire,Teslim Edilecek
Brown Group,especially,58,2023-08-15 01:44:34,New Walter,Teslim Edilecek
Brown-Houston,stock,51,2023-02-25 14:47:38,Hendersonland,Teslim Edildi
"Kidd, Vance and Smith",to,19,2023-11-02 16:20:15,North Rodney,Teslim Edildi
"Price, King and Brown",almost,76,2023-06-12 01:56:14,New Jeannestad,Teslim Edildi
Leblanc Inc,game,34,2023-09-27 22:05:35,East Gilbertport,Teslim Edildi
Elliott Ltd,real,42,2023-05-07 20:57:57,Bradleyview,Teslim Edildi
"Copeland, Garrison and Pearson",data,41,2023-06-13 01:25:23,South Susan,Bekliyor
Hendrix-Berg,present,47,2024-02-10 10:07:44,Brooksborough,Bekliyor
Jones-Riggs,hope,36,2024-01-11 03:55:22,Karenview,Teslim Edilecek
"Murray, Nichols and Holt",church,42,2023-09-19 09:49:10,West Omar,Teslim Edilecek
"Perez, Floyd and Miller",know,72,2023-04-04 20:03:41,South Elizabeth,Teslim Edilecek
"Sosa, Johnson and Gentry",wife,100,2023-12-12 09:51:21,South Brandonborough,Bekliyor
"Aguilar, King and Holloway",for,92,2023-06-02 09:58:12,Samanthaland,Teslim Edildi
Johnston Inc,fund,48,2023-07-11 19:46:24,Braunburgh,Bekliyor
"King, Hernandez and Richardson",great,60,2023-07-06 00:20:21,Christopherbury,Teslim Edildi
Shea-Freeman,blood,73,2023-04-09 04:04:35,Thorntonfurt,Teslim Edilecek
"Jordan, Webster and Flowers",live,34,2023-05-22 14:48:03,Port Jonathan,Bekliyor
Wright Ltd,floor,10,2023-08-19 08:11:30,Jackport,Bekliyor
Lopez-Rodriguez,growth,98,2023-12-24 09:05:57,New Kara,Teslim Edilecek
"Vang, Bridges and Martinez",character,47,2023-03-02 04:46:21,Ortizhaven,Teslim Edilecek
Ray-Russell,grow,78,2023-10-26 16:04:06,Dianaview,Teslim Edildi
Hill LLC,draw,33,2023-05-26 07:53:44,West Heather,Bekliyor
"Holloway, Evans and Espinoza",rather,11,2023-03-06 23:00:23,Stephanieville,Teslim Edildi
"Murray, Woodward and Johnson",though,100,2023-03-30 01:21:46,Lake Danielle,Teslim Edildi
"Nelson, Russo and Curtis",green,70,2023-10-01 22:09:59,Charleshaven,Teslim Edildi
"Stanton, Allen and Martinez",television,74,2023-10-23 14:38:07,Dillonshire,Teslim Edilecek
Black Ltd,but,7,2023-10-12 12:23:00,Alejandraton,Teslim Edilecek
Thomas-Torres,gun,45,2023-12-24 17:46:23,Lake Matthew,Teslim Edildi
Ramos-Edwards,be,97,2023-04-09 08:52:49,Lake James,Teslim Edilecek
Baldwin-Wolf,whose,91,2024-02-04 05:56:04,Higginsfurt,Teslim Edilecek
Stanley Ltd,such,26,2023-12-08 18:06:02,North Jenniferside,Bekliyor
Santos-Nguyen,growth,56,2023-07-29 04:59:05,Lake Joseville,Teslim Edildi
"Taylor, Williamson and Nelson",what,36,2023-03-23 11:29:49,Patelchester,Teslim Edilecek
"Poole, Walker and Silva",off,93,2023-08-30 10:39:08,Port Summer,Bekliyor
"Stephenson, Bryant and Larson",his,70,2023-10-01 23:10:56,Brownville,Teslim Edildi
Foster LLC,build,67,2023-06-07 20:36:19,Davisside,Teslim Edildi
Scott-Carey,carry,33,2023-03-17 18:54:34,Kylemouth,Teslim Edilecek
West-Johnson,almost,9,2023-07-13 13:58:42,Port George,Teslim Edilecek
Hunt-Church,run,9,2023-08-11 18:03:33,Charlesborough,Teslim Edilecek
Ramirez-Rich,tax,100,2023-07-05 11:21:39,South Chadburgh,Teslim Edildi
Mercer and Sons,two,100,2023-06-20 17:29:21,Port David,Bekliyor
"Harris, Thomas and Ali",mouth,95,2023-02-23 14:20:18,New Michael,Bekliyor
"Mitchell, Riddle and Solis",work,24,2023-03-27 10:08:41,New Kimberlyside,Teslim Edilecek
Thompson Inc,into,12,2024-01-16 18:22:13,Popefurt,Teslim Edildi
Simmons and Sons,anything,90,2023-12-09 02:59:15,Lopezville,Teslim Edilecek
Garcia Ltd,rise,18,2023-08-15 08:29:51,South Kevinshire,Teslim Edilecek
"Holt, Cook and Carter",relate,48,2023-05-04 09:47:15,Angelmouth,Teslim Edildi
George Ltd,soldier,84,2023-08-20 23:48:06,East Karen,Bekliyor
"Black, Cooke and Burton",experience,93,2023-12-20 04:37:51,Michaelburgh,Teslim Edilecek
Huber-Rogers,newspaper,15,2023-08-11 10:59:18,Lorrainebury,Bekliyor
"Howard, Gutierrez and Smith",born,83,2023-04-13 22:17:27,Catherineport,Teslim Edildi
Brooks-Crawford,article,86,2023-10-23 21:50:27,West Nicholas,Teslim Edildi
Fischer LLC,other,57,2023-04-03 00:45:50,Jessicachester,Teslim Edildi
"Hoffman, Martin and Nelson",single,56,2023-08-03 21:52:45,Ryanview,Bekliyor
Harris-Thompson,deal,11,2023-09-03 03:46:18,Teresaside,Bekliyor
Dudley Inc,or,33,2023-06-18 09:35:26,New Noah,Teslim Edilecek
"Russell, Sanchez and Wilkerson",staff,31,2023-10-15 17:00:50,Craigville,Teslim Edilecek
Tanner PLC,throughout,48,2023-09-21 00:05:55,New Shannon,Teslim Edilecek
Edwards LLC,learn,7,2023-10-27 18:08:23,Theresaton,Teslim Edilecek
"Parsons, Hodges and Oneal",show,1,2023-10-21 09:16:54,Port Teresa,Teslim Edilecek
Dunn and Sons,star,91,2023-08-23 14:17:16,Wendyville,Teslim Edilecek
Price Ltd,be,67,2023-10-09 10:31:42,Thomasport,Teslim Edildi
"Franklin, Acosta and Dixon",collection,11,2024-02-01 09:12:13,South Jenniferview,Bekliyor
"Garcia, Walker and Adams",fear,29,2024-02-13 02:53:12,Carlberg,Teslim Edildi
Holder Inc,road,85,2023-12-14 01:17:40,New Tiffanyhaven,Teslim Edilecek
"Perez, Mendoza and Reid",statement,81,2023-02-24 07:08:53,New Zoeside,Teslim Edildi
Brady Group,so,96,2024-02-11 09:58:10,Gonzalezton,Teslim Edildi
Mays Group,standard,8,2023-09-26 17:32:19,East Edwardton,Bekliyor
"Frazier, Schaefer and Thomas",market,56,2023-06-03 18:25:09,Lake Shannon,Teslim Edilecek
"Murillo, Allison and Clark",professor,3,2023-12-02 15:48:01,Port Fredtown,Teslim Edildi
Calhoun-Erickson,create,15,2023-07-21 20:46:30,Williamsview,Teslim Edilecek
"Frank, Matthews and Garcia",down,76,2023-07-19 08:32:00,North Linda,Teslim Edilecek
Leonard PLC,a,69,2023-08-14 20:03:43,West Crystal,Teslim Edilecek
Miller Inc,month,17,2024-01-29 06:55:40,Courtneyhaven,Teslim Edildi
Lane-Howe,trade,14,2023-08-27 06:44:17,Lake Michelle,Bekliyor
Odom-Navarro,soon,81,2023-06-19 14:56:37,East Stephen,Teslim Edildi
"Clark, Ortiz and Owens",none,11,2023-08-10 06:57:32,East Chadborough,Bekliyor
"Salazar, Fox and Harris",care,26,2023-07-12 21:33:07,Port Tommyhaven,Bekliyor
Hinton Ltd,really,22,2023-05-29 22:57:36,Port Edwardtown,Bekliyor
"Johnson, Hansen and Adams",people,80,2023-05-27 13:59:34,Stephenfurt,Teslim Edilecek
Dawson-Rodriguez,sport,40,2023-05-26 15:02:41,Lake John,Teslim Edildi
Robinson-Mccann,board,64,2023-08-08 18:41:35,Shahfurt,Teslim Edilecek
"Nelson, Hoffman and Stevens",large,50,2024-01-22 17:56:17,Evelynton,Bekliyor
Richardson-Rush,now,58,2023-04-08 18:34:08,Paulstad,Teslim Edildi
Nolan Ltd,edge,4,2023-05-31 15:08:31,Port Jacobfurt,Bekliyor
"Keith, Jones and Jackson",property,94,2023-07-20 17:45:36,Charlesburgh,Bekliyor
"Garcia, Clayton and Ferguson",four,12,2023-04-17 00:28:59,New Christinaside,Bekliyor
Flores-Scott,whole,70,2023-12-28 13:00:43,West Denisemouth,Teslim Edildi
"Pierce, Murphy and Melton",themselves,86,2023-02-25 22:35:54,Burnsstad,Bekliyor
Aguilar-Romero,anything,80,2023-04-25 13:34:42,Port Jasonborough,Teslim Edildi
Davis-Hart,very,68,2023-09-15 23:42:24,Bernardbury,Teslim Edildi
Miller Group,blood,18,2023-05-23 10:50:12,Lake Frances,Teslim Edilecek
"Woodard, Espinoza and Cardenas",their,51,2024-01-11 22:09:15,Tuckershire,Teslim Edildi
Haley Inc,per,51,2024-01-21 07:15:47,Maldonadofort,Bekliyor
Allen LLC,may,14,2024-01-09 04:26:26,Angelafort,Teslim Edilecek
Carpenter-Phillips,night,2,2023-05-06 01:13:34,Millerton,Bekliyor
Simmons-Villa,serve,59,2023-03-24 09:11:00,Joshuaside,Teslim Edildi
"Barr, Campbell and Mcdaniel",peace,76,2024-01-05 19:08:07,Port Patrick,Teslim Edildi
"Nelson, Wagner and Lee",future,25,2023-02-28 12:07:12,South Jennifertown,Teslim Edildi
Turner-Cuevas,color,54,2023-10-03 09:55:31,East Katherine,Bekliyor
Gardner-Torres,through,79,2023-05-22 10:22:24,Kennethside,Bekliyor
"Rios, Ramirez and Larsen",take,19,2023-12-07 23:40:57,Amandatown,Bekliyor
Sanchez-Johnson,inside,90,2023-05-10 19:54:56,Kimberlybury,Bekliyor
Brown PLC,president,13,2023-03-17 18:16:25,East Michellechester,Teslim Edilecek
Wilson-Reese,federal,75,2023-08-18 23:19:19,Lisaburgh,Teslim Edilecek
Grant-Terry,camera,88,2023-09-13 18:25:18,East Walter,Teslim Edildi
Lane-Lara,eye,89,2023-09-10 02:47:17,East Anthony,Teslim Edildi
Barker Group,two,32,2023-03-29 07:04:36,Stephenshire,Teslim Edilecek
"Lane, Woods and Baker",growth,54,2023-03-27 14:50:34,West Johnville,Teslim Edilecek
Aguilar Group,country,63,2024-02-01 01:46:21,Deborahstad,Teslim Edildi
Lopez PLC,keep,76,2023-04-19 13:55:56,Nancyborough,Bekliyor
"Anderson, Brown and Anderson",find,99,2024-01-04 15:34:24,Clarkstad,Teslim Edilecek
"Cook, Henderson and Rodgers",there,91,2023-10-08 00:28:42,Portermouth,Teslim Edildi
Murray-Russell,who,75,2023-12-16 00:13:40,Spearsview,Teslim Edilecek
Jones-Allen,adult,63,2023-09-02 16:21:52,Samanthatown,Teslim Edildi
Burton-Johnson,fear,42,2023-08-28 02:07:47,North George,Bekliyor
Huynh and Sons,one,6,2024-02-18 14:31:47,East Andrew,Teslim Edildi
"Dominguez, Rogers and Freeman",just,84,2024-01-24 04:00:12,Lake Jessica,Bekliyor
Vance-Ramos,including,66,2023-09-01 11:39:50,North Jacob,Teslim Edilecek
Briggs-Palmer,behavior,42,2023-07-08 04:18:06,South Richardhaven,Teslim Edildi
Gilbert-Greene,our,17,2023-07-08 20:19:47,New Amandastad,Teslim Edilecek
Garcia PLC,cup,13,2023-11-01 02:51:24,Ronaldfort,Teslim Edilecek
Wilson Inc,country,32,2024-01-10 03:00:50,East Amy,Bekliyor
Livingston-Black,population,54,2023-03-15 12:47:09,Sarafurt,Teslim Edilecek
Oconnor Inc,instead,53,2024-02-15 13:43:02,Stevenbury,Teslim Edilecek
Wong-Weber,both,48,2023-11-27 02:50:17,Sydneyview,Teslim Edilecek
Fernandez and Sons,responsibility,70,2023-07-02 21:07:10,Sethland,Bekliyor
Lawson-Wright,left,15,2023-12-14 02:32:29,New Madeline,Bekliyor
"Morris, Randall and Russell",half,70,2024-02-01 17:12:19,Port Annfort,Bekliyor
Jones LLC,concern,49,2023-12-11 12:36:34,East Jenniferstad,Teslim Edilecek
"Lane, Watts and Harrell",major,66,2023-12-15 19:58:44,West Brianfurt,Teslim Edildi
May Ltd,player,23,2023-11-08 03:55:25,New Jennifer,Teslim Edilecek
"Berg, Huang and Carroll",which,28,2023-05-30 16:12:54,Lake James,Bekliyor
"Reynolds, Potts and Jones",treatment,88,2023-04-13 14:34:55,Port David,Bekliyor
Benson-Sullivan,fund,76,2023-05-18 05:15:28,Lake Andrea,Bekliyor
"Ball, Moore and Walters",fly,55,2024-02-09 08:11:39,West Rodneyfort,Teslim Edildi
Parker-Jones,glass,96,2023-10-14 23:22:24,Lake Mark,Teslim Edilecek
Parker and Sons,process,28,2023-05-09 00:46:54,South Monica,Teslim Edildi
Rodriguez Inc,star,55,2023-09-17 12:49:12,South Edward,Teslim Edildi
Sellers LLC,think,90,2024-02-11 00:15:50,Ellisville,Teslim Edildi
Ingram-Williams,scene,9,2023-07-14 09:39:41,West Patricia,Bekliyor
"Johnson, Mendez and Roberts",coach,77,2023-11-19 21:25:31,Larsonview,Teslim Edildi
Long Inc,trade,93,2023-11-18 05:52:52,Jamesville,Bekliyor
"Aguilar, Gonzalez and Taylor",someone,34,2024-01-03 05:27:55,North Julieport,Teslim Edilecek
King-Day,bar,57,2023-03-17 19:30:46,Ricefort,Teslim Edildi
Morrison and Sons,character,22,2023-12-08 09:13:01,Campbelltown,Bekliyor
"Moody, Peterson and Perez",approach,21,2023-03-07 10:18:24,Port Amanda,Bekliyor
Campbell LLC,else,74,2023-08-14 06:24:30,North Lisa,Teslim Edilecek
Bryant-Cordova,plant,15,2023-03-22 16:59:34,Josephmouth,Teslim Edilecek
Sweeney Ltd,suggest,60,2023-10-05 03:46:21,West Gailburgh,Bekliyor
Porter-Berry,apply,65,2023-07-14 07:47:54,North Adam,Teslim Edildi
Hale-Lawrence,security,2,2023-10-19 22:32:53,Robertsberg,Bekliyor
Spence-Garcia,task,63,2023-10-20 22:18:51,Julieport,Bekliyor
Rios-Martinez,strategy,60,2024-02-05 16:18:10,Lake Briana,Teslim Edildi
"Carpenter, Brown and Oliver",own,19,2023-03-28 23:37:51,New Donald,Teslim Edilecek
"Morris, Johnson and Rubio",current,59,2023-06-10 08:51:45,Boydbury,Bekliyor
"Mcconnell, Cross and Shaffer",choose,5,2023-08-15 11:53:48,Johnsonport,Teslim Edildi
"Tran, Donaldson and Walker",else,66,2024-02-11 23:12:51,Douglasfort,Teslim Edildi
"Williams, Brown and English",young,64,2023-05-01 04:01:40,Jessicabury,Teslim Edildi
Robinson Group,air,16,2024-01-04 03:01:12,New Ashleyfort,Bekliyor
"Payne, Gardner and Hughes",type,33,2023-10-09 12:10:31,New Brandon,Bekliyor
Levine-Hutchinson,tend,73,2023-10-01 20:30:56,West Mark,Teslim Edildi
"Harrison, Lopez and Leach",student,14,2023-12-08 13:30:44,Rowlandland,Bekliyor
Lee Inc,trial,36,2024-01-28 16:37:53,Kevinborough,Bekliyor
Jones PLC,shoulder,1,2023-06-13 20:56:42,Rhondashire,Teslim Edilecek
Soto PLC,agreement,92,2023-05-02 05:21:47,Nicholsonport,Teslim Edilecek
"Wilson, Jenkins and Haley",begin,75,2023-03-02 01:18:06,Jimenezland,Teslim Edilecek
Hall-Smith,far,53,2023-08-17 17:32:17,Stevenport,Bekliyor
Coleman-Heath,lawyer,50,2023-04-04 16:19:53,Ryanborough,Teslim Edildi
Hughes-Martin,single,52,2023-03-28 23:01:37,South Amber,Bekliyor
